n_heliostats,receiver_area,max_heat_flux,avg_heat_flux,heat_stored,residence_time,particle_velocity,heliostat_efficiency,bdr_efficiency,solar_field_efficiency,receiver_efficiency,thermal_efficiency,mass_flow_rate,temp_parts_avg,temp_parts_max,temp_parts_min,temp_parts_std,iterations,solve_time_res,simulation_status,case_name,focal_height,receiver_power,thickness,simulation_time,success
2393,18.25682071006684,2.29219215875162,0.5,10.000132275416437,31.75911458660423,0.0722851152160137,0.755354575127001,0.8867591197908823,0.669632458523647,0.77043719452435,0.5159097527074017,31.290105007914228,1199.4016765264628,1369.5090124690614,950.0,117.34766859076487,6,False,standard,zf40_Q0.50_P10.0_tz0.030,40,10,0.03,391.49941635131836,True
2398,18.25682071006684,2.292741726906001,0.5,10.002458272748305,52.910387868625904,0.043388668076889084,0.755223265944492,0.8867433971718814,0.6695064672989463,0.7691543220692205,0.5149537929762797,31.319143866341783,1199.2338674289556,1371.1067644670038,950.0,116.92442425534726,6,False,standard,zf40_Q0.50_P10.0_tz0.050,40,10,0.05,59.29982948303223,True
2400,18.25682071006684,2.358377219149518,0.5,10.002437058161576,74.0480285927227,0.03100300306005562,0.7552901685510589,0.886510230264679,0.6693963907055444,0.7686381054409485,0.5145235735409185,31.292722727497402,1199.436702625766,1368.5301231111002,950.0,117.09012311258557,5,False,standard,zf40_Q0.50_P10.0_tz0.070,40,10,0.07,62.32035827636719,True
3659,18.25682071006684,2.8025618596747135,0.5,15.001761064309761,21.176286231238645,0.10840953092448766,0.7287403514825656,0.8637723575139311,0.6290734239736524,0.8046169704572567,0.5061631525928536,46.993762028774555,1199.1059723048818,1345.0591139760218,950.0,100.5529196279994,8,False,standard,zf40_Q0.50_P15.0_tz0.030,40,15,0.03,82.91652226448059,True
3651,18.25682071006684,2.7816001557182917,0.5,15.002785727557153,35.41952640800968,0.0648148490357037,0.7289199903752289,0.8638600068986825,0.6293002466675608,0.8061444409972522,0.5073068955692538,46.823038120114454,1200.0,1347.1179702681984,950.0,101.33877821361656,6,True,converged,zf40_Q0.50_P15.0_tz0.050,40,15,0.05,61.47374200820923,True
3653,18.25682071006684,2.8173973248166186,0.5,15.001817340083251,49.611168458215424,0.04627408159081782,0.7284580610629566,0.8644992986412755,0.6293552781460923,0.805580627951988,0.5069964201738271,46.8200444618232,1199.9999999999998,1348.6432455927245,950.0,101.46500863117632,10,True,converged,zf40_Q0.50_P15.0_tz0.070,40,15,0.07,96.92631793022156,True
5075,18.25682071006684,3.1811498037764037,0.5,20.02164599429586,15.855355454049686,0.14479090448047385,0.7048490933078896,0.834431730203574,0.587948654431543,0.8283903340005477,0.4870509822197185,62.80900692592329,1198.7516905713026,1336.528848279023,950.0,92.36344128628296,12,True,converged,zf40_Q0.50_P20.0_tz0.030,40,20,0.03,113.31725406646729,True
5078,18.25682071006684,3.2097587362761075,0.5,20.001525245474067,26.602147169133026,0.08629796844801405,0.7047218023399971,0.8346243089475411,0.5880024401214051,0.8269932820158351,0.48627406778932036,62.421434016226,1199.9999999999986,1335.016711886161,950.0,92.6542990084046,9,True,converged,zf40_Q0.50_P20.0_tz0.050,40,20,0.05,98.64210891723633,True
5086,18.25682071006684,3.1662870639280665,0.5,20.004759409336714,37.22190927638063,0.06167634336017321,0.7048396965606416,0.8341111665369491,0.5877265018391379,0.8262137041072263,0.48558769008649666,62.43152201581772,1200.0000000000002,1333.6601786201675,950.0,92.61322847164429,10,True,converged,zf40_Q0.50_P20.0_tz0.070,40,20,0.07,110.10040664672852,True
6755,18.25682071006684,3.572537482942636,0.5,25.002945177557418,12.707015985293006,0.18066485945310096,0.6863773688505808,0.7908555811940534,0.543180813422039,0.8412635763866677,0.45695823372404387,78.36090837368852,1198.976062646219,1327.6581423369921,950.0,87.78371990343419,15,True,converged,zf40_Q0.50_P25.0_tz0.030,40,25,0.03,110.37785530090332,True
6766,18.25682071006684,3.5944799817108026,0.5,25.005849693927132,21.27573987397817,0.10790276956991261,0.6864114744873651,0.7903855190459066,0.5428717189342731,0.8404717049358511,0.4562683191741447,78.037668484251,1199.9996740339657,1330.3176730758212,950.0,87.9422248118798,11,True,converged,zf40_Q0.50_P25.0_tz0.050,40,25,0.05,123.87330651283264,True
6779,18.25682071006684,3.7391251295991266,0.5,25.00006947061126,29.783262406800567,0.07708058390967527,0.6861521216618744,0.7902430975002208,0.542606090857368,0.8390765983944628,0.4552880729847172,78.01951231853695,1199.9999999999998,1330.0406714799308,950.0,87.89013377793592,9,True,converged,zf40_Q0.50_P25.0_tz0.070,40,25,0.07,98.58014845848083,True
8915,18.25682071006684,3.9824141336503525,0.5,30.0003704683401,10.620483203937969,0.2161588331687245,0.6691034621488502,0.7306334934773702,0.49059735356518547,0.8468193260751583,0.4154473203203265,93.84350746920195,1199.4320938423202,1313.7998451901924,950.0,83.44966388517918,7,False,standard,zf40_Q0.50_P30.0_tz0.030,40,30,0.03,73.59578728675842,True
8875,18.25682071006684,4.004416078054735,0.5,30.003045138274153,17.649189854459173,0.1300745969635112,0.6695914204022321,0.7316120886512061,0.49153187727215036,0.8490944010066541,0.4173569649080727,94.08047251367104,1198.8480088184017,1324.0432327882636,950.0,84.57517389793458,12,True,converged,zf40_Q0.50_P30.0_tz0.050,40,30,0.05,108.3235456943512,True
8887,18.25682071006684,3.9605021882202305,0.5,30.001797859369336,24.825019187154584,0.09247570927313349,0.6692942975775653,0.73132445629797,0.4912096479096106,0.848468852750285,0.41677608642173875,93.62750813945857,1200.0000000000002,1327.105318759075,950.0,84.53224348411344,9,True,converged,zf40_Q0.50_P30.0_tz0.070,40,30,0.07,106.963054895401,True
2393,18.25682071006684,2.2778563052256993,0.75,10.000945550829261,31.837210485954166,0.07210780159474343,0.755412260833996,0.8867815953720831,0.6697007146524373,0.7704213218465703,0.5159517098241235,31.21507992007527,1200.0000000000002,1371.1104447779949,950.0,117.43282016050522,6,True,converged,zf40_Q0.75_P10.0_tz0.030,40,10,0.03,104.00370264053345,True
2398,18.25682071006684,2.321537094326159,0.75,10.003660143239088,52.896805305796946,0.0433998091903611,0.7553461421044825,0.8865944372130303,0.6695056989650711,0.7692476245362574,0.5150156685423676,31.250212131787137,1199.7941323887048,1377.8322382017375,950.0,117.43744547748835,4,False,standard,zf40_Q0.75_P10.0_tz0.050,40,10,0.05,84.8824987411499,True
2399,18.25682071006684,2.438566302867003,0.75,10.002800397411185,74.02656853176137,0.031011990729602503,0.7550191810214314,0.8869793428786925,0.6695043479061661,0.7688624386595196,0.5147567456242863,31.31064531933936,1199.3071006060577,1371.5028900365667,950.0,116.69922870567076,4,False,standard,zf40_Q0.75_P10.0_tz0.070,40,10,0.07,79.48246240615845,True
3654,18.25682071006684,2.8687138888963157,0.75,15.000652868290366,21.24752559451048,0.10804605208450196,0.728792324208393,0.8638670033851866,0.6291885897428572,0.8055109930991432,0.5068183257704183,46.80143678179491,1200.076333999252,1346.1897847030161,950.0,100.6712875345124,5,False,standard,zf40_Q0.75_P15.0_tz0.030,40,15,0.03,79.4556896686554,True
3649,18.25682071006684,2.8177965364947766,0.75,15.00136730697203,35.476774451627904,0.06471025882528975,0.7284768482871623,0.8646331054999389,0.6294697946418456,0.8062927934468435,0.5075369591121845,46.818546111136634,1199.9999999999995,1344.1095310786495,950.0,101.03699343343213,7,True,converged,zf40_Q0.75_P15.0_tz0.050,40,15,0.05,97.26464414596558,True
3658,18.25682071006684,2.8542164743763476,0.75,15.001985175173804,49.480266673857884,0.04639650129986407,0.728623775830635,0.8639361091197172,0.6290907199983131,0.8048268265249287,0.5063090877725248,46.94223696704988,1199.3738832011118,1346.093629443088,950.0,100.9112546269993,5,False,standard,zf40_Q0.75_P15.0_tz0.070,40,15,0.07,78.92549848556519,True
5063,18.25682071006684,3.2831051540816016,0.75,20.00105282240821,15.95377456179981,0.14389768691781488,0.7048608190505764,0.8348712203004538,0.5882811508490072,0.8290308423850218,0.48770321804758254,62.42006364103418,1199.9997016389407,1340.4026969204697,950.0,92.75012457360448,7,True,converged,zf40_Q0.75_P20.0_tz0.030,40,20,0.03,93.65561747550964,True
5074,18.25682071006684,3.195279198609387,0.75,20.002168400691552,26.530063446099692,0.08653244503977134,0.7048811570960669,0.8347782471332561,0.5882241660614705,0.8273598573900037,0.4866730621459721,62.54912601882237,1199.5149792971276,1332.900353519911,950.0,92.54207705626105,4,False,standard,zf40_Q0.75_P20.0_tz0.050,40,20,0.05,90.36069679260254,True
5085,18.25682071006684,3.12998533024266,0.75,20.005042298640333,37.215091712055575,0.06168764206773641,0.7046748898143611,0.8345011184548784,0.5878728817881965,0.826182100527043,0.48569005231865825,62.43240993186344,1199.9999999999998,1336.0336047748779,950.0,92.64940650871353,10,True,converged,zf40_Q0.75_P20.0_tz0.070,40,20,0.07,109.72775316238403,True
6767,18.25682071006684,3.5208683177947435,0.75,25.01956252907178,12.686087259028342,0.18096290922305244,0.6861817665230472,0.7906319351638647,0.5428747363596319,0.8408036640443192,0.4564510674482723,78.532938338214,1198.6088168557517,1329.7977254546338,950.0,87.67528092387782,14,True,converged,zf40_Q0.75_P25.0_tz0.030,40,25,0.03,112.52542901039124,True
6774,18.25682071006684,3.593673800113572,0.75,25.030545658374425,21.130857960052534,0.10864259564809269,0.6861585052056003,0.7903144567515163,0.5426722554362223,0.8406170573331556,0.4561795544611438,78.57877795705649,1198.5738599395108,1327.223920125474,950.0,87.42026236056316,15,True,converged,zf40_Q0.75_P25.0_tz0.050,40,25,0.05,124.27521562576294,True
6778,18.25682071006684,3.571975856734227,0.75,25.002132780439418,29.797433891208883,0.07704392483705015,0.6861818781945487,0.7902717787476816,0.5426287419346443,0.839234619718963,0.45539282588610047,78.02588435728732,1200.0000000000077,1324.667500779356,950.0,87.67642460166334,9,True,converged,zf40_Q0.75_P25.0_tz0.070,40,25,0.07,88.75849390029907,True
8869,18.25682071006684,3.903102748240076,0.75,30.000208100476,10.644791020316761,0.21566522561783028,0.6695499460818124,0.7317487765245516,0.4916147563025087,0.8494452535922118,0.4175998213370579,93.62255070905287,1199.999999908514,1324.414794667597,950.0,84.5369700066535,11,True,converged,zf40_Q0.75_P30.0_tz0.030,40,30,0.03,91.71284532546997,True
8897,18.25682071006684,3.9317046209448194,0.75,30.00104029297151,17.700376976520918,0.1296984386319268,0.6692789148409888,0.7310239962708306,0.4909721329134365,0.8479037827493259,0.41629712872180763,93.81365971169065,1199.5143770325092,1313.853004528237,950.0,83.77270223414382,6,False,standard,zf40_Q0.75_P30.0_tz0.050,40,30,0.05,92.3560380935669,True
8866,18.25682071006684,3.9970507790880485,0.75,30.000137233060222,24.83053821831386,0.0924551548930203,0.6695688321342101,0.7319466417793289,0.49177424817800985,0.8494550901776177,0.4177401383330815,93.62233166494218,1200.0000000000002,1321.0623289978969,950.0,84.54085542401022,13,True,converged,zf40_Q0.75_P30.0_tz0.070,40,30,0.07,111.01624584197998,True
2392,18.25682071006684,2.2183767881749663,1.0,10.000244785004133,31.78704285540105,0.0722216051205026,0.7553548719709627,0.8868806334933501,0.6697311394089455,0.7706543872617491,0.5161312408713139,31.244380425088604,1199.7567530175893,1370.2739746607458,950.0,117.38573900252683,5,False,standard,zf40_Q1.00_P10.0_tz0.030,40,10,0.03,98.28667497634888,True
2399,18.25682071006684,2.3584970285224376,1.0,10.003124362414685,52.9582843953837,0.043349426501651966,0.7553084963896015,0.8865882998430461,0.669461549453789,0.7689364948482156,0.5147734172726518,31.300611488286467,1199.3920890367656,1369.9520902853553,950.0,116.7287299325691,6,False,standard,zf40_Q1.00_P10.0_tz0.050,40,10,0.05,94.45128512382507,True
2400,18.25682071006684,2.314198019280665,1.0,10.000753274324866,74.20373556120609,0.030937947256815358,0.7552326851567899,0.8865404637550243,0.6693620904874932,0.7685480957351596,0.5144369600014684,31.214396581038514,1199.9999999999998,1368.225498520385,950.0,116.94105373411253,5,True,converged,zf40_Q1.00_P10.0_tz0.070,40,10,0.07,95.2452597618103,True
3635,18.25682071006684,2.832512981210871,1.0,15.00067872411775,21.270644733400488,0.10792861644886578,0.7288086125226246,0.8646286973943246,0.6297736448254908,0.8089705361128035,0.5094683230841915,46.80751175905436,1200.0463489437593,1349.6717186435235,950.0,101.50880074916195,2,False,standard,zf40_Q1.00_P15.0_tz0.030,40,15,0.03,82.66374325752258,True
3651,18.25682071006684,2.758681158602666,1.0,15.001769023885304,35.3065608361384,0.06502222823984229,0.728584011755369,0.8643053179416053,0.6293393504188081,0.8060397244043527,0.5072725165683903,46.93941070460697,1199.3852712445835,1352.83467950414,950.0,101.2492904190248,5,False,standard,zf40_Q1.00_P15.0_tz0.050,40,15,0.05,91.58744025230408,True
3652,18.25682071006684,2.7370207579086543,1.0,15.001890337795599,49.64010870305869,0.04624710374394915,0.7285404994284818,0.8643864497310844,0.6293569976017068,0.8058029335455991,0.5071377149149059,46.820282599098874,1200.0000000000005,1346.8908720854192,950.0,101.51518438551126,5,True,converged,zf40_Q1.00_P15.0_tz0.070,40,15,0.07,104.09601378440857,True
5070,18.25682071006684,3.209721908917625,1.0,20.00077661719842,15.957148754997373,0.1438672592641157,0.7048157230748532,0.834970591926561,0.5883066129876438,0.8278389603999814,0.4870231348921252,62.41920560399379,1200.0,1339.0389424286006,950.0,93.05707690768322,5,True,converged,zf40_Q1.00_P20.0_tz0.030,40,20,0.03,90.95725297927856,True
5075,18.25682071006684,3.1879006678831097,1.0,20.001967082365567,26.600063588806908,0.08630472815926969,0.7047370554362612,0.8347988748476204,0.5881187982023822,0.8273367050148159,0.48657226866203235,62.422824424509066,1199.999999999782,1334.3096704280022,950.0,92.6951525624342,5,True,converged,zf40_Q1.00_P20.0_tz0.050,40,20,0.05,106.14400362968445,True
5084,18.25682071006684,3.2321748812778854,1.0,20.002916586967064,37.10872653243663,0.06186445808224095,0.7046190455204884,0.8345314970692413,0.5878472817979012,0.8262927828766078,0.4857339663832373,62.60208187835673,1199.320206619816,1334.0396303998145,950.0,92.51514622598867,4,False,standard,zf40_Q1.00_P20.0_tz0.070,40,20,0.07,91.69042658805847,True
6765,18.25682071006684,3.6378621518861536,1.0,25.00170078515882,12.71819710412311,0.18050602913733912,0.6863621183880446,0.7905893277275274,0.5429647215920866,0.840312514525955,0.4562600504999314,78.32241031540067,1199.082291160212,1331.4266280139468,950.0,87.82873200758493,4,False,standard,zf40_Q1.00_P25.0_tz0.030,40,25,0.03,85.38274955749512,True
6790,18.25682071006684,3.5939590670155024,1.0,25.080256751890534,21.176805736681104,0.10840687144212616,0.6860399617515504,0.7899233124879839,0.542294702666058,0.8408867970345991,0.45600845557369174,78.424015879382,1199.525232903133,1330.3471191949204,950.0,87.80731163960274,13,True,converged,zf40_Q1.00_P25.0_tz0.050,40,25,0.05,120.2981059551239,True
6778,18.25682071006684,3.5936302397869273,1.0,25.00128231038343,29.79009034361958,0.07706291691535477,0.6864178522172906,0.7899652564970037,0.5425944247960309,0.839259149152371,0.45537733528913704,78.02318379320594,1200.0,1324.785741882911,950.0,87.52655186872175,9,True,converged,zf40_Q1.00_P25.0_tz0.070,40,25,0.07,99.25812554359436,True
8907,18.25682071006684,3.9970564756662776,1.0,30.062888716664062,10.604139492765873,0.21649198962512695,0.6693418806714775,0.7306400892262056,0.49074840501125777,0.849084771830293,0.416686997495064,93.95253031912307,1199.6547401045596,1324.5477004313543,950.0,84.40550904029053,14,True,converged,zf40_Q1.00_P30.0_tz0.030,40,30,0.03,114.02636814117432,True
8865,18.25682071006684,3.9463376907764594,1.0,30.002290167140572,17.737412812143994,0.12942762743163422,0.6696076067417007,0.7318950915045122,0.49174877870213696,0.8496558832067962,0.41781724288402755,93.62909553252517,1200.0000000000002,1321.777149647789,950.0,84.66029199039946,10,True,converged,zf40_Q1.00_P30.0_tz0.050,40,30,0.05,96.69230222702026,True
8888,18.25682071006684,3.9100641744902176,1.0,30.00159301112868,24.83212777797684,0.09244923663316892,0.6693937502433386,0.7312154457942397,0.49118535232529764,0.8484095608289635,0.41672634905192546,93.62689978051877,1200.0000000000002,1323.8061174065629,950.0,84.60605825056939,14,True,converged,zf40_Q1.00_P30.0_tz0.070,40,30,0.07,115.88276529312134,True
2394,18.25682071006684,2.35843404802615,1.25,10.00150240261995,31.857636935557586,0.07206156758252627,0.7553220218093564,0.8868170733427096,0.6696477795036336,0.7702032666748219,0.5157649072952395,31.21686889811538,1199.9999999999995,1371.8429899605053,950.0,117.73151104627786,7,True,converged,zf40_Q1.25_P10.0_tz0.030,40,10,0.03,83.33658576011658,True
2399,18.25682071006684,2.2703612894775143,1.25,10.001352390730665,52.93232542640045,0.04337068584382016,0.7554087769538729,0.8864930358472668,0.6694833678824367,0.7687752288739867,0.5146822293711477,31.299094778056592,1199.3610771223439,1364.9298721542614,950.0,116.70652704005617,7,False,standard,zf40_Q1.25_P10.0_tz0.050,40,10,0.05,91.72560930252075,True
2400,18.25682071006684,2.307078694523545,1.25,10.00052274012088,74.19355167749245,0.030942193831484967,0.755321330169182,0.8864726685278758,0.6693826672616079,0.7685067548398209,0.5144251013632419,31.20145014163439,1200.0947970473758,1368.5936314788541,950.0,117.10591066806236,5,False,standard,zf40_Q1.25_P10.0_tz0.070,40,10,0.07,81.70286917686462,True
3636,18.25682071006684,2.7958769542259927,1.25,15.00396921202475,21.254769228851664,0.10800922994426221,0.7292578344735713,0.864230810623864,0.6298381871673654,0.8088425564340663,0.5094399294482498,46.82685554172332,1200.0,1347.1609821775533,950.0,101.8991464672261,12,True,converged,zf40_Q1.25_P15.0_tz0.030,40,15,0.03,100.12548184394836,True
3653,18.25682071006684,2.898129773369167,1.25,15.00650191393606,35.42393572293328,0.0648067813527856,0.7286038185872651,0.8640909096171179,0.629197679801326,0.8060340251588025,0.5071547384708421,46.83468012358885,1200.0000000000002,1349.5368702057847,950.0,101.55284042784139,13,True,converged,zf40_Q1.25_P15.0_tz0.050,40,15,0.05,110.6675922870636,True
3652,18.25682071006684,2.72971119161022,1.25,15.003096946941833,49.64164288264107,0.04624567447291402,0.7287400269105807,0.864168078485047,0.6293654204106587,0.8058569597144601,0.5071785042415464,46.82399535332049,1199.9999999999993,1349.3844988285464,950.0,101.27845665469135,8,True,converged,zf40_Q1.25_P15.0_tz0.070,40,15,0.07,90.9458498954773,True
5060,18.25682071006684,3.1959791216111837,1.25,20.000052645729546,15.937121757257746,0.14404804656812037,0.7048232058893318,0.8352936879183042,0.5885669445155357,0.8290781058219063,0.4879679675083274,62.44224870159002,1199.901732504306,1340.304102159589,950.0,92.58919728351862,2,False,standard,zf40_Q1.25_P20.0_tz0.030,40,20,0.03,71.37235498428345,True
5077,18.25682071006684,3.4947674567273217,1.25,20.000849438081076,26.596766073941577,0.08631542837459898,0.704703015802558,0.8348802838155737,0.5881501021826132,0.8269205640283819,0.48635341423019696,62.41935141037381,1199.9999999999977,1335.9349360602716,950.0,92.74621609434458,5,True,converged,zf40_Q1.25_P20.0_tz0.050,40,20,0.05,77.6846661567688,True
5085,18.25682071006684,3.129624532923246,1.25,20.00691580887194,37.23316830247538,0.061657692904383915,0.7044605290014134,0.8346499808078903,0.5878108654833022,0.8263466476002531,0.4857355381151301,62.43822189315263,1200.0000000000005,1333.5707143756927,950.0,92.51284667152711,9,True,converged,zf40_Q1.25_P20.0_tz0.070,40,20,0.07,93.39736723899841,True
6762,18.25682071006684,3.5287458966627163,1.25,25.00203344068651,12.774973365279054,0.17970379987568147,0.6862343599759173,0.7907918724127146,0.543054282043271,0.8405578619921898,0.4564685462599955,78.0257151998598,1200.0,1331.5083186461231,950.0,88.12608701046602,8,True,converged,zf40_Q1.25_P25.0_tz0.030,40,25,0.03,85.1182930469513,True
6784,18.25682071006684,3.6304300902874207,1.25,25.000205930511424,21.239835806339126,0.10808516967754066,0.6862202788146391,0.7898799648755249,0.5423987624485004,0.8387832487665222,0.45495499609349427,78.17862988689572,1199.5093574365897,1320.2881664455952,950.0,87.06171673323902,6,False,standard,zf40_Q1.25_P25.0_tz0.050,40,25,0.05,77.69990730285645,True
6779,18.25682071006684,3.6229417110727087,1.25,25.00034040096105,29.812688515969707,0.07700450282508163,0.6861708786175598,0.7902493570643466,0.542613400980046,0.8390743874053784,0.455293007025281,78.02028356563807,1200.0000000000075,1324.6598952906754,950.0,87.65358701998746,8,True,converged,zf40_Q1.25_P25.0_tz0.070,40,25,0.07,83.85860109329224,True
8870,18.25682071006684,3.917310177889753,1.25,30.000682614442557,10.643786584304488,0.21568557757786724,0.6694943735787315,0.7317169951195354,0.4915738406876311,0.8494336174787336,0.4175593457532092,93.6240544988091,1199.9999999999998,1322.4966535273113,950.0,84.59848496916408,12,True,converged,zf40_Q1.25_P30.0_tz0.030,40,30,0.03,89.3461046218872,True
8872,18.25682071006684,3.837271406309406,1.25,30.005289057262825,17.64971082249805,0.13007075754039718,0.6693382955426197,0.7318561409604196,0.49157818493423006,0.849365021435156,0.4175293155837174,94.10790169472135,1198.795267802567,1320.4727246952386,950.0,83.83268396940423,13,True,converged,zf40_Q1.25_P30.0_tz0.050,40,30,0.05,96.87456703186035,True
8898,18.25682071006684,4.00419583903286,1.25,30.002684967834327,24.826589274271214,0.09246986090958557,0.6692216257743074,0.7309667129969997,0.4909027251281247,0.8479748451845391,0.41627316234118994,93.63034493125811,1200.0,1326.5316557720619,950.0,84.71621520771461,14,True,converged,zf40_Q1.25_P30.0_tz0.070,40,30,0.07,94.85420346260071,True
2392,18.25682071006684,2.29185842678202,1.5,10.001435489101878,31.773740696706145,0.07225184088221803,0.7554328127467497,0.8867806448507435,0.669727502985926,0.7707503320737845,0.516192695325349,31.233660241401623,1199.8681900973968,1369.5134066885162,950.0,117.36680289846055,6,False,standard,zf40_Q1.50_P10.0_tz0.030,40,10,0.03,677.0681269168854,True
2399,18.25682071006684,2.3071456278636697,1.5,10.000591228464907,52.93240751274187,0.04337061858557341,0.7553386974292854,0.886467983557814,0.669401311272405,0.768810951417302,0.5146430589993273,31.27749664223543,1199.5096847030763,1374.9870475845437,950.0,117.29011925722388,7,False,standard,zf40_Q1.50_P10.0_tz0.050,40,10,0.05,45.774863481521606,True
2400,18.25682071006684,2.4026367830376776,1.5,10.001535891358511,74.16233239033001,0.030955219220567622,0.7550911607084417,0.8868149001558805,0.6694385559446198,0.7685204461457475,0.5144772176817242,31.29170881213681,1199.4223466249043,1366.6660673811464,950.0,116.73068845104494,5,False,standard,zf40_Q1.50_P10.0_tz0.070,40,10,0.07,37.26390767097473,True
3633,18.25682071006684,2.832079779366364,1.5,15.000624894587842,21.25780269514591,0.10799381713969337,0.7287032885549036,0.8649632976654045,0.6299287299088756,0.8092137041405684,0.5097469608741249,46.81623965600787,1199.9999999999998,1346.0394469258513,950.0,101.08149740532535,7,True,converged,zf40_Q1.50_P15.0_tz0.030,40,15,0.03,42.63492465019226,True
3651,18.25682071006684,2.8179622769424455,1.5,15.005144921132985,35.45072536632393,0.06475780772689228,0.7286933144873117,0.8641239590328033,0.6292880963307916,0.8062867750457642,0.5073866697652422,46.830422892333374,1200.0,1348.9729184667076,950.0,101.43276427149797,10,True,converged,zf40_Q1.50_P15.0_tz0.050,40,15,0.05,53.28031849861145,True
3655,18.25682071006684,2.8171929481069773,1.5,15.00112581859822,49.43109305545551,0.04644265613296811,0.7285625488158683,0.864194460615617,0.6292243787246886,0.8052701920697888,0.5066956363106235,46.97332816334749,1199.2001922889751,1343.2039550886593,950.0,100.40244880808515,6,False,standard,zf40_Q1.50_P15.0_tz0.070,40,15,0.07,47.41275763511658,True
5079,18.25682071006684,3.129534410865244,1.5,20.034196039396473,15.83299726814734,0.14499536747029929,0.7048843289131311,0.8343956368495713,0.5879594207449296,0.8282416091164378,0.4869724567329492,62.95914214198424,1198.32907504492,1336.693057993228,950.0,92.26295064757612,14,True,converged,zf40_Q1.50_P20.0_tz0.030,40,20,0.03,61.11771631240845,True
5076,18.25682071006684,3.4438011839383686,1.5,20.002470026228785,26.477204081629026,0.08670519930932312,0.7049092296206075,0.8346160935655667,0.5881313626452837,0.8271768425444342,0.48648864355428134,62.681063622368285,1199.011585502073,1333.506551654243,950.0,92.5499268062529,5,False,standard,zf40_Q1.50_P20.0_tz0.050,40,20,0.05,42.271082639694214,True
5084,18.25682071006684,3.173862990880444,1.5,20.00460194618439,37.232893006000616,0.061658148795509425,0.7047849995547303,0.8344459442318155,0.5879216618467635,0.8262578567015472,0.48577489222591863,62.43099958603696,1200.000000000001,1330.3832501087384,950.0,92.5096453050957,9,True,converged,zf40_Q1.50_P20.0_tz0.070,40,20,0.07,57.07402968406677,True
6761,18.25682071006684,3.608844087113919,1.5,25.019839311523228,12.68770864250039,0.18093978367072971,0.6863472369821835,0.7906595137343465,0.5430253390578449,0.8413257407803048,0.4568611956453175,78.52127189772511,1198.6469326973738,1327.1192032029676,950.0,87.46039932033992,12,True,converged,zf40_Q1.50_P25.0_tz0.030,40,25,0.03,56.90816879272461,True
6796,18.25682071006684,3.5573519677417504,1.5,24.926900029453535,21.33676776506275,0.10759414370204243,0.6861080954574059,0.789658558568828,0.5421690984369038,0.8377226711844146,0.4541873453762088,77.79089341157112,1200.0002410115128,1320.62678352239,950.0,87.24784566127963,11,True,converged,zf40_Q1.50_P25.0_tz0.050,40,25,0.05,55.977322578430176,True
6775,18.25682071006684,3.6668357937488514,1.5,25.002416026430744,29.792824078974416,0.07705584576224891,0.6862128556642648,0.790444323718299,0.5427659614871447,0.8394034805897246,0.45559963721793767,78.02674842472514,1199.9999999998852,1324.3701730338644,950.0,87.60275692927293,7,True,converged,zf40_Q1.50_P25.0_tz0.070,40,25,0.07,49.202181339263916,True
8893,18.25682071006684,3.8229392411231107,1.5,30.02411112742705,10.576222164379121,0.2170634486842815,0.6693427951037167,0.7310678086606444,0.49106286094292945,0.8487806469239904,0.41680465279148515,94.22743921252174,1198.6413175399307,1321.4219573508328,950.0,84.1328444610794,14,True,converged,zf40_Q1.50_P30.0_tz0.030,40,30,0.03,65.5460295677185,True
8860,18.25682071006684,3.9103131130028284,1.5,30.00442760385547,17.644745272598797,0.1301073618000236,0.669644245213089,0.7320071167881049,0.4918470489815807,0.8500260708781068,0.4180828145188048,94.14779392900923,1198.6871315189865,1322.7458168920455,950.0,84.40217996541361,12,True,converged,zf40_Q1.50_P30.0_tz0.050,40,30,0.05,58.030667304992676,True
8891,18.25682071006684,4.076833458273504,1.5,30.000938153624364,24.82979946142237,0.09245790569585853,0.6695621698268444,0.7309569240467033,0.49109798892013173,0.8482556510294695,0.41657664431070957,93.6248187259057,1200.0000000000002,1324.58545920697,950.0,84.51310835916179,13,True,converged,zf40_Q1.50_P30.0_tz0.070,40,30,0.07,56.7774715423584,True
2294,18.25682071006684,2.6472851631550056,0.5,10.00092301664683,31.74088162671106,0.07232663805782089,0.7834230029978019,0.8877958408582062,0.6954587269234723,0.7739020575189761,0.538216939685603,31.316779126348013,1199.2226361524577,1386.77440216005,950.0,122.67463370570614,6,False,standard,zf50_Q0.50_P10.0_tz0.030,50,10,0.03,45.316304445266724,True
2303,18.25682071006684,2.797845454841049,0.5,10.00123278291771,53.02188822346696,0.04329742553444577,0.7833508120396061,0.887465943558961,0.6951322809543627,0.7712635954515529,0.5361302223233009,31.216856924920446,1199.9999999999998,1388.7479694509075,950.0,122.58684981190709,7,True,converged,zf50_Q0.50_P10.0_tz0.050,50,10,0.05,48.18039345741272,True
2305,18.25682071006684,2.6559862803137357,0.5,10.002569377514446,74.21864011567192,0.030931734311937475,0.7831909173638217,0.8874734242949541,0.6949888080444767,0.7708564729140756,0.5357366212839229,31.220964480219926,1199.999999999978,1381.9664093615493,950.0,122.20876608260659,8,True,converged,zf50_Q0.50_P10.0_tz0.070,50,10,0.07,59.542144775390625,True
3476,18.25682071006684,3.210876246362337,0.5,15.003183178143926,21.26983693442423,0.10793271542838052,0.7596610894333266,0.8697705845360009,0.6605283066019249,0.806720144794558,0.532861491142809,46.774253225698104,1200.2641472464684,1355.259595196405,950.0,106.58323055178728,6,False,standard,zf50_Q0.50_P15.0_tz0.030,50,15,0.03,45.13345456123352,True
3471,18.25682071006684,3.3695950849520613,0.5,15.003035240224948,35.404537916253545,0.06484228836658114,0.7597168954578714,0.8698373280496093,0.660632633378296,0.8077466856853283,0.5336238200668891,46.825285167651714,1199.9999999999998,1361.9521192692469,950.0,107.87005907697012,6,True,converged,zf50_Q0.50_P15.0_tz0.050,50,15,0.05,563.6244342327118,True
3472,18.25682071006684,3.3248040994303936,0.5,15.004460823372257,49.541561021274944,0.04633909811734448,0.7595746411994617,0.8699672750573477,0.660619880057636,0.8076063600570571,0.5335208167146771,46.82970353002879,1199.9999999999998,1368.4493784854267,950.0,107.7412362801638,12,True,converged,zf50_Q0.50_P15.0_tz0.070,50,15,0.07,113.77974367141724,True
4782,18.25682071006684,3.628061854423374,0.5,19.961260384090966,15.95661535348388,0.14387206849289846,0.7382453076705727,0.8472687728541474,0.6253839000533247,0.8256910675439383,0.5163739000598212,62.29713426969388,1199.9999999999488,1343.9390708915803,950.0,97.62277585711225,11,True,converged,zf50_Q0.50_P20.0_tz0.030,50,20,0.03,90.13511991500854,True
4759,18.25682071006684,3.6988371295640317,0.5,20.00160505215472,26.459903791565715,0.08676188980638103,0.7380043773341523,0.8483324880214341,0.6259873837645862,0.8288849496586987,0.5188715210786895,62.63295850848222,1199.191415473836,1345.9797471157788,950.0,97.88397152591253,6,False,standard,zf50_Q0.50_P20.0_tz0.050,50,20,0.05,54.558900594711304,True
4769,18.25682071006684,3.768971467852035,0.5,20.003041686434454,37.056331918328134,0.06195192935207397,0.7381419584806437,0.8478979922207752,0.6257745772790628,0.8274875987484039,0.5178207023104492,62.57329615140067,1199.4380702988697,1348.6940612398905,950.0,97.8875490947449,5,False,standard,zf50_Q0.50_P20.0_tz0.070,50,20,0.07,63.82434701919556,True
6216,18.25682071006684,4.070839325751718,0.5,25.003895626447,12.70672193233596,0.18066904031394293,0.7218105475815645,0.8168401726372068,0.5897881053607127,0.8419985697248629,0.4966007411544568,78.38472273068186,1198.9170184372952,1340.4423924092137,950.0,92.65060625285369,14,True,converged,zf50_Q0.50_P25.0_tz0.030,50,25,0.03,92.52415323257446,True
6220,18.25682071006684,4.21155000603029,0.5,25.022627680497173,21.13908071617854,0.10860033545802553,0.7216066937442385,0.8170262829321279,0.5897886770879865,0.842086665803317,0.4966531806175718,78.38716802094922,1199.0893094864637,1340.3624873037927,950.0,92.43673403802107,14,True,converged,zf50_Q0.50_P25.0_tz0.050,50,25,0.05,117.50991749763489,True
6226,18.25682071006684,4.2553323412346264,0.5,25.002743234770076,29.636243918732966,0.07746296269346592,0.7216801241340091,0.8167556310165691,0.5896397111858052,0.8408189897530332,0.4957802662775189,78.33758325110173,1199.050028896997,1333.9935740687108,950.0,92.1644930782693,6,False,standard,zf50_Q0.50_P25.0_tz0.070,50,25,0.07,94.05424571037292,True
7954,18.25682071006684,4.570784128152791,0.5,29.904714426641167,10.667128490963567,0.21521361245400125,0.7056994574340951,0.777577608710048,0.54968825442167,0.8471512712259153,0.4656691035112721,93.32590750714431,1199.9999999999384,1322.4568853889425,950.0,88.21474997247073,12,True,converged,zf50_Q0.50_P30.0_tz0.030,50,30,0.03,119.32482504844666,True
7952,18.25682071006684,4.447581392555809,0.5,30.000509013216032,17.712040360890512,0.12961303216767547,0.7057323166931281,0.7777603107137167,0.5498414369243207,0.847082047994018,0.46576081046182727,93.68579474589777,1199.8426111926547,1324.3301852426903,950.0,87.76964285878807,6,False,standard,zf50_Q0.50_P30.0_tz0.050,50,30,0.05,91.69779086112976,True
7916,18.25682071006684,4.553494670108063,0.5,30.002255404751065,24.80911173679705,0.0925350041310126,0.705936908390788,0.7786891951560121,0.5506574219697365,0.8497228809913698,0.467906211035405,93.6306076932134,1199.9999999999382,1336.986479326837,950.0,89.02333268920411,10,True,converged,zf50_Q0.50_P30.0_tz0.070,50,30,0.07,105.03153848648071,True
2297,18.25682071006684,2.7978383097543955,0.75,10.005706920715125,31.846472090682596,0.07208683117282967,0.7835056204606223,0.887601150569651,0.6953770462638783,0.7733518404322562,0.5377711185225165,31.230860337966586,1200.0,1386.7330820607604,950.0,122.79132082800714,9,True,converged,zf50_Q0.75_P10.0_tz0.030,50,10,0.03,106.65561604499817,True
2302,18.25682071006684,2.691764242087181,0.75,10.000064750282789,52.95730757689574,0.04335022609897266,0.7832271075178936,0.8876362066931264,0.6951550410153734,0.7714832620309726,0.5363004786598148,31.281074571610247,1199.4759379442005,1378.8334379499715,950.0,122.19796527549352,4,False,standard,zf50_Q0.75_P10.0_tz0.050,50,10,0.05,84.76220297813416,True
2304,18.25682071006684,2.4976842127573424,0.75,10.002706256398481,74.14999096041511,0.030960371367770374,0.7834262437163166,0.8874724194203769,0.6952043825535493,0.7709624589704311,0.5359764802605047,31.318020808157993,1199.2549735550301,1384.5318642905922,950.0,121.87353463563568,5,False,standard,zf50_Q0.75_P10.0_tz0.070,50,10,0.07,89.20162343978882,True
3487,18.25682071006684,3.1476524919850153,0.75,15.003279606185487,21.279448730765495,0.10788396288350105,0.7595696690554715,0.8693655581837484,0.660157831484737,0.8046317542893835,0.5311839540554391,46.71640254891427,1200.5653644553609,1358.2327822868563,950.0,107.0365244500171,5,False,standard,zf50_Q0.75_P15.0_tz0.030,50,15,0.03,89.29058790206909,True
3472,18.25682071006684,3.324671904922365,0.75,15.0019717418969,35.36171298376853,0.06492081585824275,0.7598614473477779,0.8696860852878355,0.6606497388663145,0.80743589207361,0.5334323112497201,46.84582580846662,1199.8772539318568,1367.993471628972,950.0,108.0070462489423,4,False,standard,zf50_Q0.75_P15.0_tz0.050,50,15,0.05,87.25865173339844,True
3479,18.25682071006684,3.2361279582724944,0.75,15.000975545753144,49.496011220374115,0.04638174269902139,0.7598782156462549,0.869431131718918,0.6604606546861117,0.8059884446880006,0.5323236558480778,46.8985793589779,1199.5896096513586,1355.4622507998836,950.0,107.70200724530942,5,False,standard,zf50_Q0.75_P15.0_tz0.070,50,15,0.07,84.2750952243805,True
4781,18.25682071006684,3.734085127117491,0.75,20.002980228629514,15.881304255319618,0.14455432753782135,0.7380734958075534,0.8475754717997908,0.6254697541789013,0.8258103857159389,0.5165194189521319,62.59668222123778,1199.3460285018923,1339.7870046093606,950.0,96.60401640936918,5,False,standard,zf50_Q0.75_P20.0_tz0.030,50,20,0.03,87.27404642105103,True
4754,18.25682071006684,3.7692088535933075,0.75,20.000612684283002,26.469766649415178,0.08672956159596479,0.7384861705199012,0.8482399935981023,0.6263102430827656,0.8292878445276195,0.5193914714916761,62.582939761362496,1199.3722833398126,1347.7384984470389,950.0,98.37449062793492,5,False,standard,zf50_Q0.75_P20.0_tz0.050,50,20,0.05,86.19947481155396,True
4769,18.25682071006684,3.804659799835013,0.75,20.002275705668612,37.05611785834091,0.0619522872262921,0.7382633787054047,0.8476962327733785,0.6257261276734801,0.8275199810122483,0.5178008732912259,62.55027300224811,1199.5177742210228,1347.3797185046014,950.0,98.17249160004317,5,False,standard,zf50_Q0.75_P20.0_tz0.070,50,20,0.07,85.83040475845337,True
6219,18.25682071006684,4.211904385307347,0.75,25.00271794446324,12.761794058456035,0.17988938283564584,0.7219362195730439,0.8166306928189079,0.5897389848496662,0.841622851408908,0.4963378060161709,78.02919075147557,1199.999951394114,1343.5407514328979,950.0,92.24220952404572,12,True,converged,zf50_Q0.75_P25.0_tz0.030,50,25,0.03,109.3779833316803,True
6240,18.25682071006684,4.141288483633748,0.75,25.0027373038064,21.17775924720873,0.10840199051530192,0.721510915621079,0.8163974468526227,0.5892576019482254,0.8394763508864513,0.49466782141559734,78.26519848871033,1199.2717997799848,1327.1942665621095,950.0,91.60473217270717,7,False,standard,zf50_Q0.75_P25.0_tz0.050,50,25,0.05,84.99054217338562,True
6227,18.25682071006684,4.2025403858605115,0.75,25.00144139299478,29.63416199053092,0.07746840480202621,0.7215659634640743,0.81684811166549,0.5896324135264408,0.8406505934034635,0.49567483832091885,78.32324596513828,1199.0814096484853,1335.566296274792,950.0,92.05669605265054,6,False,standard,zf50_Q0.75_P25.0_tz0.070,50,25,0.07,90.54637742042542,True
7918,18.25682071006684,4.562263858391848,0.75,30.0002307414698,10.636290810883164,0.21583757889566843,0.7060491883459847,0.7783146104905788,0.5504783895006609,0.8497271898581285,0.4677564549880248,93.62418100773766,1200.0000000000002,1334.4139748430546,950.0,88.72168918205246,12,True,converged,zf50_Q0.75_P30.0_tz0.030,50,30,0.03,110.49347138404846,True
7898,18.25682071006684,4.509173199586615,0.75,30.001374509839522,17.65179189795511,0.13005542271984394,0.706226791814187,0.7788934515526197,0.5510008031902458,0.8511037084243293,0.4689588269400022,94.00465106990556,1199.03218670196,1333.9241525373443,950.0,88.55461093607235,7,False,standard,zf50_Q0.75_P30.0_tz0.050,50,30,0.05,86.43919491767883,True
7913,18.25682071006684,4.544404899279744,0.75,30.002274552135177,24.802870044188108,0.09255829075269484,0.7059835988475658,0.7785578292944662,0.5506100377987116,0.8501187258147738,0.4680839037542652,93.6306891503778,1199.9999999999998,1335.6176182541194,950.0,89.07817095141345,10,True,converged,zf50_Q0.75_P30.0_tz0.070,50,30,0.07,105.08941102027893,True
2296,18.25682071006684,2.6567149196566384,1.0,10.003591563728975,31.773162752718445,0.07225315512082132,0.7833919386793045,0.8876752877180848,0.6953296968675883,0.7735777709375701,0.5378915969695253,31.300687543535368,1199.4101608603912,1385.4399431528982,950.0,122.372776003746,6,False,standard,zf50_Q1.00_P10.0_tz0.030,50,10,0.03,78.48993754386902,True
2302,18.25682071006684,2.6740589991416,1.0,10.000769266785754,52.984392001907764,0.04332806644206861,0.7834851863341479,0.887375099543324,0.6951791299769218,0.7715108790546553,0.5363382616689454,31.27989163660951,1199.501932008214,1381.6356007474442,950.0,122.13594330309823,6,False,standard,zf50_Q1.00_P10.0_tz0.050,50,10,0.05,88.07596898078918,True
2303,18.25682071006684,2.7188000594118877,1.0,10.008331658728016,74.25025461760546,0.030918564102902515,0.7831404403417986,0.8874631616427975,0.6949261695249587,0.7720399534870344,0.536510767596972,31.239033585390544,1200.0000000000002,1392.7522312798208,950.0,122.7271225147008,12,True,converged,zf50_Q1.00_P10.0_tz0.070,50,10,0.07,181.2164900302887,True
3460,18.25682071006684,3.2274679828826685,1.0,15.00262737919296,21.194248864584065,0.10831765125148828,0.7598882834558001,0.870035477454728,0.6609330381048354,0.809924346809921,0.5353057591721554,46.97630728445868,1199.217753875854,1370.3320833508574,950.0,108.00023121049159,8,True,converged,zf50_Q1.00_P15.0_tz0.030,50,15,0.03,97.73709511756897,True
3471,18.25682071006684,3.1846798472210307,1.0,15.00051930650413,35.307359528165186,0.06502075736419616,0.7595565441119377,0.8700694443873305,0.6606782547571196,0.8075554631751283,0.5335343340301211,46.96512050265613,1199.2407445074195,1361.1255520456648,950.0,107.59471233373033,4,False,standard,zf50_Q1.00_P15.0_tz0.050,50,15,0.05,84.25581192970276,True
3480,18.25682071006684,3.244938082429028,1.0,15.00348505068179,49.43922404284208,0.04643501797402596,0.7597412614334887,0.8694710474228204,0.6603886093025295,0.8059795525299315,0.5322597158215164,46.92708036633589,1199.4830332593694,1356.3382235620013,950.0,107.25533098826807,5,False,standard,zf50_Q1.00_P15.0_tz0.070,50,15,0.07,86.82498598098755,True
4739,18.25682071006684,3.8224684824173703,1.0,20.000717892177434,15.882747041097767,0.14454119624967568,0.7386933651590464,0.848405594430963,0.6266104504330198,0.8315185337723925,0.5210382029905231,62.51091183612434,1199.6512018055498,1356.5186772196541,950.0,98.65383339957076,5,False,standard,zf50_Q1.00_P20.0_tz0.030,50,20,0.03,83.60843873023987,True
4757,18.25682071006684,3.6991180666899433,1.0,20.001324408611083,26.46649390993494,0.08674028622240397,0.7384005322346797,0.8479551580330287,0.6260267054513688,0.8291697205869181,0.5190823884390604,62.630952421260254,1199.19603551014,1348.9610018190806,950.0,98.15250716413465,4,False,standard,zf50_Q1.00_P20.0_tz0.050,50,20,0.05,83.90259718894958,True
4768,18.25682071006684,3.9456876826293836,1.0,20.00267437919202,37.10095840132053,0.06187741114983048,0.7382898078115048,0.8477642699289117,0.6258014211097596,0.827610449037276,0.5179197951328135,62.49650333186815,1199.7295706941213,1344.274153354833,950.0,97.947619077564,4,False,standard,zf50_Q1.00_P20.0_tz0.070,50,20,0.07,83.47940397262573,True
6208,18.25682071006684,4.246655676482322,1.0,25.001330741466454,12.706953507478048,0.1806657477498632,0.721961874959672,0.8170230550392545,0.5900440917890475,0.8426314080980142,0.497189683904119,78.27284004822445,1199.2357652874148,1339.5244005526995,950.0,92.63480968548767,5,False,standard,zf50_Q1.00_P25.0_tz0.030,50,25,0.03,91.13649320602417,True
6234,18.25682071006684,4.1854128592668305,1.0,24.954586694132644,21.26270049842578,0.10796894106753914,0.7215906722763875,0.8166186108837591,0.5894742429229787,0.8399680373030527,0.4951395228687173,77.99270833542262,1199.6473939083749,1329.2765069202903,950.0,91.55063345325689,13,True,converged,zf50_Q1.00_P25.0_tz0.050,50,25,0.05,58.55927848815918,True
6234,18.25682071006684,4.1314061078328095,1.0,25.001297382725685,29.76878944138457,0.07711805888417385,0.7215159907193158,0.8166438012728539,0.5894334894718587,0.8399851969371734,0.4951154057353846,78.02481085443459,1199.9999999999998,1334.9342742487504,950.0,92.43573440876295,8,True,converged,zf50_Q1.00_P25.0_tz0.070,50,25,0.07,37.501564502716064,True
7922,18.25682071006684,4.729129368928347,1.0,30.005312874114264,10.588657094303404,0.21680853734382793,0.7061857015163839,0.7781632079478978,0.5504373097934496,0.8495054115494413,0.4675994733882517,94.04172522050101,1198.968933980333,1328.531874612559,950.0,88.5353229018221,13,True,converged,zf50_Q1.00_P30.0_tz0.030,50,30,0.03,40.58792209625244,True
7949,18.25682071006684,4.50882911559807,1.0,30.001774858024053,17.70567034504976,0.12965966339100596,0.7058779458428455,0.7775825846648102,0.5498154141660891,0.8474776063818077,0.46595625114929945,93.74855294423492,1199.6911877989842,1320.9783803089172,950.0,87.6193614029464,5,False,standard,zf50_Q1.00_P30.0_tz0.050,50,30,0.05,42.57475256919861,True
7905,18.25682071006684,4.6233374307219375,1.0,30.000627937382614,24.80287538534721,0.0925582708207898,0.7060873878422529,0.7789095195855266,0.5509184929409129,0.8504559260798498,0.46853189710857923,93.62550124281782,1200.00000000002,1336.5715976768147,950.0,88.94929950271764,8,True,converged,zf50_Q1.00_P30.0_tz0.070,50,30,0.07,47.01355457305908,True
2296,18.25682071006684,2.559435613491567,1.25,10.00142840051989,31.780518788061745,0.07223643114075422,0.783393328649046,0.8877484928052949,0.6953876252149226,0.773346065579685,0.537775284012761,31.300697794841277,1199.3581265943656,1387.2141859510075,950.0,122.47527042459565,6,False,standard,zf50_Q1.25_P10.0_tz0.030,50,10,0.03,45.112682819366455,True
2303,18.25682071006684,2.665735902479677,1.25,10.000374293467615,53.04038460675488,0.04328232674162965,0.7832204819671946,0.8876955061571005,0.6951853176770564,0.7711385556501276,0.5360842017826604,31.205149746766466,1200.0695484075184,1383.7109763421965,950.0,122.40008409538832,6,False,standard,zf50_Q1.25_P10.0_tz0.050,50,10,0.05,63.86277532577515,True
2303,18.25682071006684,2.709689172013723,1.25,10.000537567838329,74.14564312371748,0.03096218685730063,0.783165063102361,0.8877613902085604,0.6951859012591414,0.771150498543109,0.5360929543361275,31.28710098706358,1199.4402201780101,1384.440068661521,950.0,121.66563107935161,5,False,standard,zf50_Q1.25_P10.0_tz0.070,50,10,0.07,49.03423810005188,True
3464,18.25682071006684,3.3689487528377766,1.25,15.000998639521193,21.18128249377807,0.10838395917365369,0.7597944899057306,0.8700889963075282,0.6609098777391549,0.8089296189546055,0.5346295755628695,46.93065323834742,1199.4260525081777,1364.2995991722908,950.0,108.33911320811745,5,False,standard,zf50_Q1.25_P15.0_tz0.030,50,15,0.03,48.950345516204834,True
3473,18.25682071006684,3.2719873552197085,1.25,15.00521594611469,35.403611877925876,0.06484398442077155,0.759837835500538,0.8696055474969303,0.6605696606785194,0.8074758370117758,0.5333940396609722,46.83207939723761,1199.999999999994,1360.8280201366938,950.0,107.81956463878892,11,True,converged,zf50_Q1.25_P15.0_tz0.050,50,15,0.05,57.30289697647095,True
3471,18.25682071006684,3.3244975136725645,1.25,15.002439405693451,49.55799878114663,0.04632372802601195,0.7598813246301105,0.8696521715446375,0.6606400565743575,0.8077055308385255,0.533602627588585,46.823408570871294,1200.000000000003,1360.9691107038454,950.0,107.78216874498125,6,True,converged,zf50_Q1.25_P15.0_tz0.070,50,15,0.07,62.65707874298096,True
4756,18.25682071006684,3.752251461985189,1.25,20.003179560239325,15.884522553405203,0.14452503997730362,0.738707544865342,0.8475608714569725,0.6259973018979564,0.8294599437809755,0.5192396868393213,62.57107657331193,1199.4488528059608,1351.4676975289442,950.0,98.41208872620231,4,True,converged,zf50_Q1.25_P20.0_tz0.030,50,20,0.03,50.329055070877075,True
4759,18.25682071006684,3.566219722853689,1.25,20.000183570165476,26.471477988781633,0.08672395466638354,0.7385680612984841,0.8477314710865803,0.6260101103847875,0.8287959525015122,0.5188346457119367,62.61920214023149,1199.2274636755558,1348.7033869651714,950.0,98.17246016569361,4,False,standard,zf50_Q1.25_P20.0_tz0.050,50,20,0.05,62.68282508850098,True
4769,18.25682071006684,3.6550644144957034,1.25,20.000460864218223,37.2670518376654,0.06160163318127081,0.7381408091487743,0.8478724898836196,0.6257647287472754,0.8273938567120452,0.5177538923125751,62.25636462473556,1200.6327450781841,1345.6463785928609,950.0,98.16717693684629,2,False,standard,zf50_Q1.25_P20.0_tz0.070,50,20,0.07,65.71514821052551,True
6215,18.25682071006684,4.114257745635783,1.25,25.000971881102867,12.708659251804766,0.1806414989626268,0.7219194969525391,0.8169681177452189,0.5899579264950576,0.8417931936681838,0.4966225670741342,78.29420847295975,1199.1665127948345,1342.224827850873,950.0,92.49328675116142,6,True,converged,zf50_Q1.25_P25.0_tz0.030,50,25,0.03,67.96261715888977,True
6238,18.25682071006684,4.238449173042786,1.25,25.0005443563215,21.25739565079019,0.10799588504464472,0.7214184652631542,0.816842633178822,0.5895111742021544,0.8393106711074011,0.49478301924492224,78.00098107429383,1200.0651044101053,1329.7442750202104,950.0,91.09258675530928,7,False,standard,zf50_Q1.25_P25.0_tz0.050,50,25,0.05,75.5591471195221,True
6231,18.25682071006684,4.026644324033917,1.25,25.00255401958146,29.763837949219944,0.07713088819284593,0.7216486135448038,0.8167569817924031,0.5896002937830133,0.8401940923875002,0.4953786837064223,78.02859417026967,1200.0000000000002,1335.062804708541,950.0,92.0163178814299,9,True,converged,zf50_Q1.25_P25.0_tz0.070,50,25,0.07,81.01137351989746,True
7950,18.25682071006684,4.544373211336956,1.25,29.952016123442263,10.655042068158368,0.21545773750737165,0.7059193648035013,0.7775975673182773,0.549840840692817,0.8473005484086045,0.465880445856472,93.47378919751048,1199.9987955339418,1324.6738158872674,950.0,87.68218350637324,12,True,converged,zf50_Q1.25_P30.0_tz0.030,50,30,0.03,26850.810711622238,True
7903,18.25682071006684,4.5627821782424896,1.25,30.00073179564803,17.65785026497591,0.13001080100926998,0.7061229829563465,0.7788640164721052,0.5508971919100979,0.8507069867861122,0.46865209015876996,93.96214054002344,1199.1357056560537,1327.7519274915976,950.0,88.45220135938219,4,False,standard,zf50_Q1.25_P30.0_tz0.050,50,30,0.05,36.69330906867981,True
7917,18.25682071006684,4.491867107436835,1.25,30.001432202249454,24.798908970975422,0.09257307487753444,0.7059669880463263,0.7785538016076308,0.5505861524091186,0.849702214150829,0.46783427278281386,93.62794415600295,1200.0000000000439,1333.0167883440597,950.0,88.76075912956443,7,True,converged,zf50_Q1.25_P30.0_tz0.070,50,30,0.07,11229.159061193466,True
2295,18.25682071006684,2.6830738825467435,1.5,10.002456792091468,31.838298260328273,0.07210533798886518,0.7832254162428268,0.8879484677323211,0.6953947223879741,0.7737546920981235,0.538064929307967,31.22066256244768,1199.9999999999918,1384.9824976242853,950.0,122.5263702643423,7,True,converged,zf50_Q1.50_P10.0_tz0.030,50,10,0.03,35.953263998031616,True
2301,18.25682071006684,2.7972768462527777,1.5,10.002304573625542,52.96220761368983,0.04334621535787088,0.7832241424847944,0.8876549495746324,0.6951619229438555,0.7719837738400767,0.5366537247041221,31.296145137263675,1199.413893883534,1383.1382406222908,950.0,122.20981919417335,7,False,standard,zf50_Q1.50_P10.0_tz0.050,50,10,0.05,35.03997015953064,True
2304,18.25682071006684,2.7183532541862268,1.5,10.003503138176603,74.16738389209773,0.030953110876759237,0.7830429753528323,0.8878178299226076,0.6951248266338863,0.7711121213863937,0.5360191796940053,31.282409736868487,1199.5479970167921,1382.2262352517841,950.0,121.86013950822512,6,False,standard,zf50_Q1.50_P10.0_tz0.070,50,10,0.07,36.064075231552124,True
3476,18.25682071006684,3.272473375845318,1.5,15.001450701620406,21.262912389002153,0.10796786512832937,0.7597586873282215,0.8695833554067894,0.6604799157670749,0.8066860881205035,0.5327999595323013,46.82023519724429,1199.9998487795388,1356.1443830091982,950.0,107.23339978253688,9,True,converged,zf50_Q1.50_P15.0_tz0.030,50,15,0.03,38.39848875999451,True
3472,18.25682071006684,3.2544672995128514,1.5,15.003318125452024,35.410800487929876,0.06483082069364075,0.7597331309253921,0.8698124700054172,0.6606354987956355,0.8075257630398393,0.5334801852561504,46.826168620165966,1199.9999999999998,1368.844449665395,950.0,107.89437337585925,6,True,converged,zf50_Q1.50_P15.0_tz0.050,50,15,0.05,38.64610433578491,True
3477,18.25682071006684,3.2720155303766214,1.5,15.001875790742034,49.431601830096454,0.04644217812204344,0.7596169078023217,0.8697934666289665,0.6605165613382421,0.8064321904041147,0.5326618173581924,46.906777399933404,1199.5613104124282,1358.0724450735065,950.0,107.15998760023523,6,False,standard,zf50_Q1.50_P15.0_tz0.070,50,15,0.07,34.04320287704468,True
4772,18.25682071006684,3.7162574718219292,1.5,20.003139443509028,15.88617495569496,0.144510007188879,0.7383541887893459,0.8476150401953669,0.6257353255185203,0.8270233009994221,0.5174976944622746,62.5545543098899,1199.510773505355,1340.5625432050006,950.0,97.28903708344966,6,True,converged,zf50_Q1.50_P20.0_tz0.030,50,20,0.03,37.689692974090576,True
4751,18.25682071006684,3.8135336560728383,1.5,20.001368765917917,26.47913492881114,0.08669887680331183,0.7384381581736845,0.8482787081580172,0.6262967566652843,0.8298607338258176,0.5197390860789823,62.57836555804574,1199.3986632691613,1349.965935845703,950.0,98.09287522116587,6,False,standard,zf50_Q1.50_P20.0_tz0.050,50,20,0.05,34.59565758705139,True
4769,18.25682071006684,3.6460363619034157,1.5,20.00018804369539,37.04147764347016,0.06197677315003028,0.7379889503698452,0.8480245405957247,0.6257431185035807,0.8274111443991468,0.5177468297809386,62.594778687152676,1199.3209374336611,1346.0957718362479,950.0,97.74561349655126,4,False,standard,zf50_Q1.50_P20.0_tz0.070,50,20,0.07,35.3622841835022,True
6213,18.25682071006684,4.0704291754799575,1.5,25.002692105546952,12.753108191756624,0.18001190161118322,0.7219431889096927,0.8169382295814487,0.5899645716073297,0.8421126256939316,0.49681661446264397,78.02927657745431,1199.9999999624727,1347.6119783776073,950.0,92.78446931744037,7,True,converged,zf50_Q1.50_P25.0_tz0.030,50,25,0.03,41.31499433517456,True
6252,18.25682071006684,4.15832164090621,1.5,25.001417893492764,21.258910552291727,0.10798818930087593,0.721385109076639,0.8162598359640941,0.5890466100789735,0.8381209580811555,0.4936923091938461,78.02483919802248,1199.9999999512777,1330.444170624008,950.0,91.36230910301009,8,True,converged,zf50_Q1.50_P25.0_tz0.050,50,25,0.05,46.289061307907104,True
6230,18.25682071006684,4.149933355300325,1.5,25.001579110523643,29.759042663160862,0.07714331684107437,0.7216388280953837,0.8166275496155475,0.5895082515735354,0.840427387280361,0.4954388796501601,78.02559797695022,1200.0000000000002,1336.4487346062037,950.0,92.15404676055213,5,True,converged,zf50_Q1.50_P25.0_tz0.070,50,25,0.07,46.15200352668762,True
7914,18.25682071006684,4.509423436229317,1.5,30.00018533237552,10.639954799258591,0.21576325279231795,0.7060726332033879,0.7785178042559028,0.5506232113048507,0.8499317804875114,0.46799216636208296,93.6239604327175,1199.9999555072243,1338.8196051445398,950.0,88.49043931934199,10,True,converged,zf50_Q1.50_P30.0_tz0.030,50,30,0.03,48.11600184440613,True
7910,18.25682071006684,4.606501615352427,1.5,30.002284844317693,17.651365814042006,0.13005856210996347,0.7062311973340544,0.778554791715664,0.5507455115740028,0.8502322455845418,0.4682615930511716,94.00822953782342,1199.0302140437666,1328.70980451872,950.0,88.43695777917175,4,False,standard,zf50_Q1.50_P30.0_tz0.050,50,30,0.05,39.16580677032471,True
7919,18.25682071006684,4.552984886837834,1.5,30.000269903622744,24.81739465055313,0.09250412016960456,0.7061615909430645,0.7781944380556591,0.550453454919315,0.849659482962001,0.46769799790139227,93.62430252317556,1199.999999999999,1336.9451825275212,950.0,88.73016194519636,7,True,converged,zf50_Q1.50_P30.0_tz0.070,50,30,0.07,96.3747045993805,True
2283,18.25682071006684,2.7767560440405883,0.5,10.00124067906045,31.775796309539686,0.07224716682747784,0.7944822032983607,0.8799244772873052,0.6988976600435536,0.7738291269685387,0.5408273661118576,31.312521696974205,1199.2512666582263,1381.0211374114672,950.0,113.91126131035524,7,False,standard,zf60_Q0.50_P10.0_tz0.030,60,10,0.03,160.59275436401367,True
2292,18.25682071006684,2.7454976973264147,0.5,10.002452355601264,53.183001353715376,0.043166259869064146,0.7944329167518123,0.8799321646403577,0.698864834771241,0.7709201221811115,0.5387689638099273,31.219101989331076,1199.9999999999643,1378.9505603386142,950.0,113.54087707530024,9,True,converged,zf60_Q0.50_P10.0_tz0.050,60,10,0.05,106.68286347389221,True
2292,18.25682071006684,2.8663220234349565,0.5,10.002025109589807,74.13746628203532,0.030965601768987824,0.7941829258433428,0.8799472073324447,0.6986444575273729,0.7711303581669763,0.538745950764456,31.322722975477514,1199.1914386225355,1376.8704006970281,950.0,113.63529936956267,6,False,standard,zf60_Q0.50_P10.0_tz0.070,60,10,0.07,85.22007870674133,True
3446,18.25682071006684,3.511939255459958,0.5,14.918061446294933,21.318844578813053,0.10768460028705196,0.7729001945626673,0.862483942595048,0.6663974444839402,0.8064524286449982,0.537417837546894,46.657211240522656,1199.4893883578825,1351.6470033673834,950.0,100.85738827233207,13,True,converged,zf60_Q0.50_P15.0_tz0.030,60,15,0.03,98.76529717445374,True
3438,18.25682071006684,3.6232732882026246,0.5,15.002732993622866,35.43095931542024,0.06479393449705806,0.773092659182378,0.8627180232581582,0.6667435138996333,0.8080093755290219,0.5387350103040683,46.7952859015395,1200.1436019540433,1359.8891893889313,950.0,102.67227453736666,4,False,standard,zf60_Q0.50_P15.0_tz0.050,60,15,0.05,74.84109926223755,True
3439,18.25682071006684,3.5246931027194073,0.5,15.003875757607782,49.56734905605701,0.04631498962058649,0.7728037752679288,0.8628862957459505,0.6666284989522502,0.807975327065848,0.5386193794723596,46.82665479837236,1199.9999999999995,1366.7970042162779,950.0,102.46205289403127,14,True,converged,zf60_Q0.50_P15.0_tz0.070,60,15,0.07,131.10925841331482,True
4699,18.25682071006684,4.083825740106405,0.5,19.930307506915746,15.993452106647366,0.14354069663903896,0.7549021695229301,0.8414183653754269,0.635056835336264,0.8274334018260479,0.5254672376151692,62.199437788054354,1199.9999999999998,1344.3116242183823,950.0,93.69943837338677,14,True,converged,zf60_Q0.50_P20.0_tz0.030,60,20,0.03,94.20827841758728,True
4689,18.25682071006684,3.938993196694823,0.5,20.001066034730258,26.46841634894229,0.0867339861511211,0.7549741509686656,0.8417161474565873,0.6353353471067822,0.8288588608759152,0.5266033320771317,62.63854790532798,1199.1595990347473,1351.1315946123784,950.0,94.31569762437647,6,False,standard,zf60_Q0.50_P20.0_tz0.050,60,20,0.05,74.2178225517273,True
4698,18.25682071006684,4.038057276123872,0.5,20.00292419960371,37.06810002122042,0.061932261317333225,0.7546592827436593,0.841766593945047,0.6351262709196638,0.8276202181537942,0.5256433428937379,62.58062808535002,1199.4041678990618,1343.4858993520609,950.0,93.91251834615909,7,False,standard,zf60_Q0.50_P20.0_tz0.070,60,20,0.07,75.25622963905334,True
6115,18.25682071006684,4.59037331938223,0.5,24.905042873429167,12.802237792792745,0.17932109168786733,0.7381274870522507,0.8157597109695703,0.602318064325831,0.838067239811616,0.5047830376582246,77.72284823873862,1200.0,1331.4437662529303,950.0,87.61482292859559,13,True,converged,zf60_Q0.50_P25.0_tz0.030,60,25,0.03,113.48855066299438,True
6099,18.25682071006684,4.535332376713618,0.5,25.009987922469406,21.174730315112306,0.10841749684116778,0.7382845737753609,0.8160195859645123,0.6026191815793717,0.840083759793256,0.5062505877847334,78.35498412185798,1199.0615410975945,1326.1128838574668,950.0,87.44389661226842,14,True,converged,zf60_Q0.50_P25.0_tz0.050,60,25,0.05,117.11300802230835,True
6096,18.25682071006684,4.789450539643204,0.5,25.001654157418567,29.787083393640984,0.07707069627170554,0.7383287432072194,0.8161112373840402,0.602726256420296,0.840067853191152,0.5063309522929378,78.0246228289185,1199.9999999999998,1334.4769445511486,950.0,88.49798778972735,13,True,converged,zf60_Q0.50_P25.0_tz0.070,60,25,0.07,99.00297832489014,True
7660,18.25682071006684,4.890744986891483,0.5,30.000248228036835,10.589530121334837,0.21679066311224468,0.7246940777924477,0.7837316197908433,0.5686752708692255,0.8502417511638508,0.4835114581474275,94.00526092689125,1199.0189529853662,1333.1168015978024,950.0,85.88343592114533,6,False,standard,zf60_Q0.50_P30.0_tz0.030,60,30,0.03,80.113614320755,True
7705,18.25682071006684,4.955878831911972,0.5,30.00257500812755,17.77288475450153,0.1291693098088541,0.724302165810497,0.7826641930016197,0.5676018748389391,0.8469402204861972,0.48072485702447,93.2986146391849,1200.857418216347,1323.3543872286073,950.0,85.18134208712418,4,False,standard,zf60_Q0.50_P30.0_tz0.050,60,30,0.05,69.92450404167175,True
7666,18.25682071006684,4.792439630655718,0.5,30.002249046991224,24.794795505108684,0.09258843278535057,0.7246478924461702,0.7834200122180688,0.5684120858481343,0.8500263431911038,0.4831652467591174,93.65691700670351,1199.9293252622613,1336.9379434857926,950.0,86.17059760501941,4,False,standard,zf60_Q0.50_P30.0_tz0.070,60,30,0.07,70.36997103691101,True
2285,18.25682071006684,3.2081738419019072,0.75,10.00316611558708,31.786179551672703,0.07222356663905712,0.7942801764077811,0.8800218406181463,0.6987992294072375,0.7734095865008187,0.5404580230629423,31.289740817392506,1199.472468357186,1381.4399892999782,950.0,113.65736043242576,6,False,standard,zf60_Q0.75_P10.0_tz0.030,60,10,0.03,70.77526593208313,True
2293,18.25682071006684,2.833194335517752,0.75,10.00240659797349,53.149637895078605,0.04319335649253482,0.7942356000930998,0.8798088313961014,0.6985820925283948,0.7708922737804028,0.538531537731486,31.219019503501258,1200.0000000000919,1386.2493407054005,950.0,113.92816880669481,6,True,converged,zf60_Q0.75_P10.0_tz0.050,60,10,0.05,87.55459523200989,True
2290,18.25682071006684,3.099338621486383,0.75,10.004772482083046,74.31178171421776,0.030892964804422652,0.7943126427302935,0.8799806146123703,0.6987942784505246,0.7718503152273364,0.5393645841010964,31.22641462261793,1199.9999999999995,1385.3662452138303,950.0,114.05481277845118,11,True,converged,zf60_Q0.75_P10.0_tz0.070,60,10,0.07,150.92648935317993,True
3427,18.25682071006684,3.4456657180250203,0.75,15.007413001799385,21.259094404199605,0.10798725540245799,0.7731632726150588,0.86291125355347,0.6669562308781601,0.8105971782739813,0.5406328387820866,46.837616268651836,1199.9999999999998,1369.916277498687,950.0,102.1207412771237,13,True,converged,zf60_Q0.75_P15.0_tz0.030,60,15,0.03,95.15058445930481,True
3439,18.25682071006684,3.5342510771007065,0.75,15.00292905318255,35.35283360639585,0.06493712166359249,0.7730601805507193,0.8627048182298435,0.6667089498040648,0.8078268548646197,0.5385853940303112,46.925077504045504,1199.4777494919838,1367.352994740326,950.0,101.68882065447634,4,False,standard,zf60_Q0.75_P15.0_tz0.050,60,15,0.05,68.8293125629425,True
3438,18.25682071006684,3.4559402918336812,0.75,15.001812256891444,49.549871538683306,0.04633132611169374,0.7729955988174169,0.8627715972684596,0.6667127144833105,0.8079971114266556,0.5387019474539395,46.820051431498065,1200.0000000000625,1365.3760589481526,950.0,101.71839570494235,8,True,converged,zf60_Q0.75_P15.0_tz0.070,60,15,0.07,84.66023349761963,True
4679,18.25682071006684,4.214706762149933,0.75,20.0028794987631,15.909008510598477,0.1443025978345464,0.7551276035454724,0.8418250249446909,0.6355440691255021,0.8304328012854458,0.5277766416642418,62.50824119753969,1199.6830919066715,1348.8828228884431,950.0,94.56462743379988,4,False,standard,zf60_Q0.75_P20.0_tz0.030,60,20,0.03,70.4362006187439,True
4690,18.25682071006684,4.137775934119888,0.75,20.002159061726783,26.51778008984268,0.08657252791422812,0.7548881611965784,0.8417692541268094,0.6352988590695762,0.8287750155900526,0.5265198218297307,62.576800870000625,1199.410126427055,1347.832131986313,950.0,94.34631815257612,4,False,standard,zf60_Q0.75_P20.0_tz0.050,60,20,0.05,67.23998022079468,True
4697,18.25682071006684,4.027130518258878,0.75,20.002428536289596,37.05861593017778,0.06194811110529931,0.7547803062576469,0.8417521350887491,0.6351907068448237,0.8276919351856241,0.5257422253603166,62.572678200842745,1199.4289836317616,1345.1432507775903,950.0,94.11037744704102,5,False,standard,zf60_Q0.75_P20.0_tz0.070,60,20,0.07,73.15371346473694,True
6071,18.25682071006684,4.524871736953253,0.75,25.000205866519998,12.709308414682576,0.18063227220130412,0.7387065635450375,0.816514940398358,0.603307117817232,0.8426662394546033,0.5083865402072422,78.29564430054131,1199.1512223834861,1339.3730586519594,950.0,89.08214340296983,7,False,standard,zf60_Q0.75_P25.0_tz0.030,60,25,0.03,70.46253538131714,True
6077,18.25682071006684,4.458293380416284,0.75,25.00237128534455,21.259217392045304,0.10798663067955967,0.7387760788243223,0.8162641745342435,0.6031831155437238,0.8420802458766659,0.5079285862457124,78.02721191002094,1199.9998156720344,1349.1025959759297,950.0,89.4260133349023,13,True,converged,zf60_Q0.75_P25.0_tz0.050,60,25,0.05,93.42903256416321,True
6095,18.25682071006684,4.524687328954484,0.75,25.003688321899645,29.765634732512016,0.07712623223665843,0.7383107424464811,0.8161401157559015,0.6027446045567881,0.8402484635809734,0.5064552279105626,78.03105275856159,1200.000000000002,1336.0487826351527,950.0,88.75999660794749,13,True,converged,zf60_Q0.75_P25.0_tz0.070,60,25,0.07,99.44198656082153,True
7649,18.25682071006684,4.880357287164625,0.75,30.00094132215976,10.632293515287639,0.21591872475589396,0.7249465804275581,0.7837035686128662,0.5688523012928792,0.8512191649361441,0.4842179808785285,93.62546739349796,1200.0,1334.7831317761515,950.0,86.31633907639225,9,True,converged,zf60_Q0.75_P30.0_tz0.030,60,30,0.03,94.36382150650024,True
7672,18.25682071006684,4.868890704590596,0.75,30.06023020203019,17.701911555919445,0.12968719506925747,0.7248089127216646,0.7830922950134622,0.5682965102101734,0.851176080315344,0.4837203960175842,93.8104372349263,1199.9999789143276,1336.861495127814,950.0,86.16365727117665,12,True,converged,zf60_Q0.75_P30.0_tz0.050,60,30,0.05,99.19224286079407,True
7670,18.25682071006684,5.364548828143892,0.75,30.001709842950866,24.815621505632752,0.09251072984531852,0.7245674863805415,0.7834235430334494,0.568357112391571,0.8496499482357553,0.4829045911229217,93.62787042236762,1200.0,1339.343965569162,950.0,86.33958678539153,12,True,converged,zf60_Q0.75_P30.0_tz0.070,60,30,0.07,69.35016655921936,True
2287,18.25682071006684,2.7782331844003787,1.0,10.00520892138884,31.894414285795705,0.07197847361234257,0.7945259411266151,0.879625188543759,0.6986980168832675,0.77300299802427,0.5400956617643777,31.22780042343843,1200.0000000000002,1383.6584339142516,950.0,114.15933112991428,14,True,converged,zf60_Q1.00_P10.0_tz0.030,60,10,0.03,91.56500577926636,True
2290,18.25682071006684,2.6771351992817363,1.0,10.003311702342755,52.9587240786545,0.04334906659838838,0.7941782849762146,0.8799723017501929,0.6986688733298159,0.7718761390203217,0.5392858323994965,31.31902979512682,1199.2504863716895,1384.603385859642,950.0,113.4286615371381,6,False,standard,zf60_Q1.00_P10.0_tz0.050,60,10,0.05,66.16905093193054,True
2293,18.25682071006684,3.0318745501288538,1.0,10.003330423255992,74.14423386854386,0.030962775353799123,0.7944182394395979,0.8796376027750987,0.6986072350347813,0.7709357270534253,0.5385812766663223,31.33338084485445,1199.1410526845002,1378.231839422189,950.0,113.68346626317205,6,False,standard,zf60_Q1.00_P10.0_tz0.070,60,10,0.07,67.49571466445923,True
3422,18.25682071006684,3.5457536870681277,1.0,15.001903901695862,21.174198228400698,0.10842022126590173,0.7730931011945023,0.8632893851764492,0.6671948708048343,0.8111933221800761,0.5412240237896803,46.970984592746575,1199.2267915143464,1366.8907592098328,950.0,102.45856405793303,3,False,standard,zf60_Q1.00_P15.0_tz0.030,60,15,0.03,62.31180238723755,True
3437,18.25682071006684,3.478746053880349,1.0,15.00024551606087,35.276288999288326,0.06507802612393788,0.7729386820390227,0.8628106408914716,0.6666758331174616,0.8081924979420689,0.5388024068848112,47.00704161638831,1199.0145700445228,1365.769640555238,950.0,101.47990055775911,3,False,standard,zf60_Q1.00_P15.0_tz0.050,60,15,0.05,81.29162287712097,True
3440,18.25682071006684,3.4892116145672114,1.0,15.00260929776456,49.54953880907197,0.04633163723071725,0.7728272369963979,0.8626089708769507,0.6664342484982536,0.8079076882086085,0.5384173530472653,46.8225242118546,1200.0000000013072,1361.856081443852,950.0,101.6390836676227,7,True,converged,zf60_Q1.00_P15.0_tz0.070,60,15,0.07,118.69896650314331,True
4693,18.25682071006684,4.127143896115017,1.0,20.042922892764476,15.81064875230554,0.1452003199246649,0.7549360536779665,0.8415968920606054,0.6352099309986049,0.8300493503186583,0.5272555905413517,62.92034753323955,1198.583357672217,1344.3758190019782,950.0,94.24847990215017,14,True,converged,zf60_Q1.00_P20.0_tz0.030,60,20,0.03,98.63461565971375,True
4688,18.25682071006684,4.015952954094243,1.0,20.00226833214164,26.498362302258467,0.08663596756904496,0.7551674595735733,0.8416739106668374,0.6354574710397736,0.8289261640653451,0.5267473238956647,62.51347887977816,1199.655814009593,1350.3087727205902,950.0,94.84580389808667,4,False,standard,zf60_Q1.00_P20.0_tz0.050,60,20,0.05,85.81455039978027,True
4696,18.25682071006684,4.0496938288350215,1.0,20.001707857465284,37.15812607969508,0.06178221291696814,0.7548657972406297,0.8416703217062945,0.6352174982549639,0.8278034465925411,0.5258352343913506,62.42240489513316,1199.9999999999818,1342.5400846507541,950.0,94.21322683708608,7,True,converged,zf60_Q1.00_P20.0_tz0.070,60,20,0.07,92.19711112976074,True
6106,18.25682071006684,4.447530799374157,1.0,25.002883812383956,12.759422262639506,0.17992282172314916,0.7380774189663594,0.8160265036159663,0.6024609747969107,0.8391026147806514,0.5055265792553879,78.06247398493312,1199.8946475310536,1324.8710359120073,950.0,88.24235729982115,5,False,standard,zf60_Q1.00_P25.0_tz0.030,60,25,0.03,87.27578735351562,True
6104,18.25682071006684,4.503572514218834,1.0,25.000642266137756,21.178341172174566,0.10839901191447032,0.7381722889690819,0.8161569410733719,0.6026625700895917,0.8390215455303391,0.5056468809898556,78.33765098296263,1199.0254285086455,1325.480111382292,950.0,88.00841088836619,5,False,standard,zf60_Q1.00_P25.0_tz0.050,60,25,0.05,85.35866665840149,True
6095,18.25682071006684,4.524473520001572,1.0,25.001030300085933,29.77455203995657,0.07710313337277053,0.7383723281066309,0.8161312139215451,0.6027609926964032,0.8401362981809323,0.5064013890918201,78.0228033326375,1200.0000000000002,1336.1619920546887,950.0,88.90525016012664,9,True,converged,zf60_Q1.00_P25.0_tz0.070,60,25,0.07,88.87632918357849,True
7678,18.25682071006684,4.8243229219891095,1.0,30.016832594193772,10.580563373950104,0.21697438746063638,0.7244869210156867,0.7832531813745324,0.5681843968181486,0.8494506323718574,0.48264459518099867,94.16113595260235,1198.753280997552,1335.1778281583142,950.0,85.4586384105552,11,True,converged,zf60_Q1.00_P30.0_tz0.030,60,30,0.03,109.92699861526489,True
7665,18.25682071006684,5.088105192704662,1.0,30.02392525121544,17.71517467249576,0.12959009998448084,0.7244187332518849,0.7835002340561745,0.5683244679564213,0.8508826118516442,0.48357740767395585,93.69714929927818,1200.0000000000002,1335.8338130613527,950.0,86.19276677500157,14,True,converged,zf60_Q1.00_P30.0_tz0.050,60,30,0.05,103.45955014228821,True
7666,18.25682071006684,4.769107023339769,1.0,30.001473277548698,24.766587101856928,0.09269388824587552,0.7244591353587715,0.7835961166486476,0.5684041387183469,0.8500162483404867,0.4831527535345749,93.87453058210485,1199.3633958045104,1336.5789020526356,950.0,85.72111508085621,4,False,standard,zf60_Q1.00_P30.0_tz0.070,60,30,0.07,76.88552522659302,True
2283,18.25682071006684,2.921621080769679,1.25,10.001527124364424,31.785266398840886,0.07222564153607301,0.7946086177019429,0.880013521771738,0.6990826443739825,0.7736465213212554,0.5408428559359959,31.295785189576407,1199.3871646098937,1381.8054442518635,950.0,114.15217636969221,5,False,standard,zf60_Q1.25_P10.0_tz0.030,60,10,0.03,84.5388536453247,True
2291,18.25682071006684,2.8784935677638335,1.25,10.001812388836965,53.15137341123853,0.04319194612882485,0.7944803371755614,0.8797508221286459,0.6987568969391971,0.7713264051512201,0.5389696453907324,31.217088067424452,1200.0,1379.9371883711617,950.0,113.4521490021639,12,True,converged,zf60_Q1.25_P10.0_tz0.050,60,10,0.05,113.02133440971375,True
2291,18.25682071006684,2.7667180463690806,1.25,10.000439081739891,74.17333363132077,0.030950628004157422,0.7942313158673644,0.8797487898672144,0.6985346744909023,0.7714658432838919,0.5388956417191629,31.31409518253797,1199.2201433875798,1379.9933620297675,950.0,114.1051936788412,5,False,standard,zf60_Q1.25_P10.0_tz0.070,60,10,0.07,67.48548364639282,True
3434,18.25682071006684,3.4899399782599843,1.25,15.003690302893661,21.181308739958876,0.1083838248729349,0.77299557521258,0.8628918792431647,0.6668063111385167,0.8089259925446464,0.5393969570727589,46.975329615139785,1199.2330484329736,1370.5017593203356,950.0,102.3214054978443,5,False,standard,zf60_Q1.25_P15.0_tz0.030,60,15,0.03,73.11105537414551,True
3438,18.25682071006684,3.5013591630135514,1.25,15.004529796599734,35.37981350629051,0.06488760198363092,0.772781233035443,0.8629902043286639,0.6666862987804348,0.8081754985994106,0.5387995319262736,46.82863071599006,1200.0000000000007,1362.1057381914106,950.0,102.18313628286411,11,True,converged,zf60_Q1.25_P15.0_tz0.050,60,15,0.05,97.88484239578247,True
3438,18.25682071006684,3.6005997900114406,1.25,15.00244724768124,49.55458293193449,0.04632692116901748,0.7729498265853607,0.8630429187844479,0.666861330790164,0.8078512346473524,0.5387247494174104,46.82204814347834,1200.0000000000002,1360.7266458146685,950.0,101.79126370596076,6,True,converged,zf60_Q1.25_P15.0_tz0.070,60,15,0.07,108.37323999404907,True
4680,18.25682071006684,3.983384500681794,1.25,20.007677628045993,15.924419571947134,0.14416294714411143,0.7551207025708713,0.8417922690939789,0.6355240362964796,0.8304806907117831,0.5277904406274406,62.441213062519275,1200.0,1351.3396766157905,950.0,94.89070684705302,9,True,converged,zf60_Q1.25_P20.0_tz0.030,60,20,0.03,95.2456066608429,True
4687,18.25682071006684,4.412466227351146,1.25,20.00314153153998,26.468695890752294,0.08673307013411832,0.7552035181586739,0.8415654620071835,0.6353976932298284,0.8292172199083899,0.5268827087162423,62.58496678005726,1199.39029185595,1346.4280464032042,950.0,94.12162193138765,4,False,standard,zf60_Q1.25_P20.0_tz0.050,60,20,0.05,83.70509195327759,True
4698,18.25682071006684,4.159267111383133,1.25,20.003143698071316,37.05514315531934,0.06195391682683903,0.7547700237105652,0.8416423551919586,0.6351020374302764,0.8276608796165484,0.5256491109458046,62.60241755364177,1199.3233300878342,1344.6037152858883,950.0,94.23146885400703,4,False,standard,zf60_Q1.25_P20.0_tz0.070,60,20,0.07,77.42515087127686,True
6081,18.25682071006684,4.6566399695724074,1.25,25.00216997829363,12.708266241269893,0.1806470854061888,0.7385506942798198,0.8163536273672497,0.603063252681164,0.8416868189054044,0.5075903907479551,78.30744426313683,1199.1334194704405,1338.2956037923745,950.0,88.6146078959967,6,True,converged,zf60_Q1.25_P25.0_tz0.030,60,25,0.03,77.76282715797424,True
6101,18.25682071006684,4.4801932766064,1.25,25.001956958149137,21.270690067106177,0.10792838642322401,0.7382184035227525,0.8161724239493529,0.6026982754306013,0.8394285214279694,0.5059221222118967,77.92634074082058,1200.3067426132177,1328.3901935181011,950.0,87.95141019792352,4,False,standard,zf60_Q1.25_P25.0_tz0.050,60,25,0.05,75.70617723464966,True
6086,18.25682071006684,4.55847987558748,1.25,25.001165631660545,29.669044200216423,0.07737732437752484,0.7383529582188528,0.8166123607911178,0.6031349241560701,0.840861608753022,0.5071530026210049,78.30610900177771,1199.1279258510951,1336.9845142685351,950.0,88.68980272592245,4,False,standard,zf60_Q1.25_P25.0_tz0.070,60,25,0.07,77.21917414665222,True
7692,18.25682071006684,4.934184016670838,1.25,30.00193215895684,10.63171603560363,0.21593045274754896,0.7243884950621208,0.7828494157110887,0.567820894243947,0.848026202926396,0.481526996887965,93.64255193736864,1199.9626159400075,1323.1713192064158,950.0,84.89302453451025,7,False,standard,zf60_Q1.25_P30.0_tz0.030,60,30,0.03,84.86498498916626,True
7661,18.25682071006684,5.2093759988541475,1.25,30.00273781571463,17.724623044656646,0.1295210200672417,0.7247286217921439,0.7835046181939851,0.568534125052869,0.8504123898941672,0.4834884640225997,93.63103816962992,1199.9997753408143,1340.659948391387,950.0,85.9923041658588,8,True,converged,zf60_Q1.25_P30.0_tz0.050,60,30,0.05,84.10755109786987,True
7661,18.25682071006684,4.868247519156084,1.25,30.001670094094866,24.811781058315578,0.09252504895378597,0.7246608694042352,0.7837816729897583,0.5686890021628223,0.8501505322790686,0.4834712578899757,93.62764195441724,1200.0000000000002,1335.9264229171024,950.0,86.06116725824398,8,True,converged,zf60_Q1.25_P30.0_tz0.070,60,30,0.07,87.84079027175903,True
2285,18.25682071006684,2.855055474621843,1.5,10.004434716753853,31.879359597160867,0.07201246468124539,0.7945100069692146,0.8798469509284595,0.6988650412415489,0.7734348293766694,0.5405265639299764,31.225446076581683,1199.9999999999998,1384.4001209127564,950.0,114.55575341701848,13,True,converged,zf60_Q1.50_P10.0_tz0.030,60,10,0.03,104.91821002960205,True
2291,18.25682071006684,2.9890618972161014,1.5,10.001931672048372,52.979308094694204,0.0433322242137998,0.7945229145697892,0.8796135296785115,0.6986866896387872,0.7714131115155746,0.5389760732287734,31.288092504868015,1199.4549111120205,1382.5484247801621,950.0,113.23202919885568,6,False,standard,zf60_Q1.50_P10.0_tz0.050,60,10,0.05,83.30489730834961,True
2291,18.25682071006684,2.7232949832707454,1.5,10.004887655897756,74.39081289128286,0.030860144792426113,0.7943210567119147,0.8797933643770118,0.6986487217697298,0.7716830305655271,0.5391353629159968,31.226826217934143,1200.0000000000002,1382.815013047143,950.0,114.32635800067807,12,True,converged,zf60_Q1.50_P10.0_tz0.070,60,10,0.07,137.68265748023987,True
3423,18.25682071006684,3.423602782805408,1.5,15.003124419386436,21.23599587280738,0.10810471384536849,0.7730392868547542,0.863150442157922,0.6670268034902336,0.8112266655501326,0.5411099296279457,46.824246972374844,1199.9999085016902,1367.0138008843699,950.0,102.09185583517859,10,True,converged,zf60_Q1.50_P15.0_tz0.030,60,15,0.03,90.19245147705078,True
3437,18.25682071006684,3.5449818533045554,1.5,15.003741444594285,35.37200293553988,0.06490192995954609,0.772834388522656,0.8630654008536638,0.6667893866517023,0.8082431873272453,0.5389279791433508,46.82609401351318,1199.9999999999798,1362.2981569151143,950.0,101.81147586198232,6,True,converged,zf60_Q1.50_P15.0_tz0.050,60,15,0.05,89.88414716720581,True
3446,18.25682071006684,3.455898243904101,1.5,15.002779874315694,49.44537526832096,0.04642924125043706,0.7726538068693314,0.8628297251270257,0.6664535160679668,0.8064868534746764,0.5374859991607892,46.93958997806296,1199.4002847174725,1355.1621269565453,950.0,101.10495130534179,6,False,standard,zf60_Q1.50_P15.0_tz0.070,60,15,0.07,80.90362596511841,True
4693,18.25682071006684,4.158992912907532,1.5,20.000252767679303,15.940411230062473,0.1440183207269911,0.7548748820373897,0.8416269720888885,0.6351829288300715,0.8283174383244697,0.5261330964759589,62.41793513851626,1200.0000000142595,1353.6937521404402,950.0,94.50533820167895,9,True,converged,zf60_Q1.50_P20.0_tz0.030,60,20,0.03,84.86965990066528,True
4682,18.25682071006684,3.9937638950677754,1.5,20.001696771481715,26.478166914939237,0.08670204642285889,0.7551995245073595,0.8417334344018464,0.6355213588268556,0.8298812843887663,0.5274072815197249,62.59295076427719,1199.3425324234292,1345.8625748045379,950.0,94.4397445211852,5,False,standard,zf60_Q1.50_P20.0_tz0.050,60,20,0.05,79.5444848537445,True
4698,18.25682071006684,4.070730074094823,1.5,20.002459716415075,37.037984963547935,0.06198261755629154,0.7549342557082166,0.841437525959941,0.6350955616186466,0.8276410178554794,0.5256311370535539,62.67163371501586,1199.0490559219074,1344.1677530889742,950.0,94.00467334070385,4,False,standard,zf60_Q1.50_P20.0_tz0.070,60,20,0.07,83.65244793891907,True
6078,18.25682071006684,4.536053406549291,1.5,25.003014124441012,12.756120187572213,0.1799693969086219,0.7384886161635695,0.816642006615738,0.6032535815799999,0.8418649978121472,0.5078580751370165,78.0074520498609,1200.0669178414903,1342.2099387131352,950.0,89.1859612423466,2,False,standard,zf60_Q1.50_P25.0_tz0.030,60,25,0.03,79.6146252155304,True
6081,18.25682071006684,4.61339196365799,1.5,25.00128754743108,21.260936472545254,0.10797789928095472,0.7384000909028579,0.8165673449217746,0.6031167356152497,0.8415824761488725,0.5075724757659067,78.02353206444664,1199.9999677118922,1338.7363464111297,950.0,88.64625421440806,9,True,converged,zf60_Q1.50_P25.0_tz0.050,60,25,0.05,114.86950826644897,True
6088,18.25682071006684,4.624555234548067,1.5,25.00090158701702,29.64393104020622,0.07744287537093454,0.7383048354049454,0.8163016329496218,0.6028613270846513,0.8409579748884543,0.5069810407636745,78.34345161615973,1199.0103678912712,1334.977670294179,950.0,88.28034454372083,5,False,standard,zf60_Q1.50_P25.0_tz0.070,60,25,0.07,81.01367354393005,True
7665,18.25682071006684,4.7920279144871,1.5,30.001468653683197,10.639704152713263,0.21576833566991915,0.7245431734270543,0.7835750880331914,0.568446022670721,0.8500643744814863,0.4832157126880752,93.62706481073859,1199.9999999373358,1334.2491909343946,950.0,86.18807890605285,6,True,converged,zf60_Q1.50_P30.0_tz0.030,60,30,0.03,97.62889623641968,True
7682,18.25682071006684,4.901731794414524,1.5,30.07264453113326,17.701290347509712,0.12969174630674526,0.7243751225734144,0.7832448378882865,0.5680884488969248,0.8507305937324302,0.4832902234226161,93.7710447729553,1200.201040564643,1338.4584537308963,950.0,86.14798132281709,12,True,converged,zf60_Q1.50_P30.0_tz0.050,60,30,0.05,103.51319646835327,True
7667,18.25682071006684,4.8785457445956455,1.5,30.000323358120838,24.8319370126873,0.09244994685184357,0.7246061619438078,0.7833396100256886,0.568332881637509,0.8499793619631983,0.4830712201169558,93.62344236928546,1200.0000000000002,1334.291532643824,950.0,86.06055718759191,11,True,converged,zf60_Q1.50_P30.0_tz0.070,60,30,0.07,104.14923048019409,True
