,solar_multiple,stg_cap,stg_heat_stored,pb_energy_dispatched,sf_cf,pb_cf,revenue_tot,revenue_daily,sf_time_operation,pb_time_operation,stg_min_stored,stg_max_stored,lcoh,lcoe,pb_cost,cost_capital,roi,payback_period,npv,date_simulation
0,1.0,4.0,196701.0913216464,54488.42052212825,0.2985965755271277,0.16368787707921248,7401030.366021918,20276.795523347722,1810.4507849715992,1424.7620873617338,-35.72953132507328,304.00000000000006,17.491300224496335,132.1393559791351,817.1174382099864,8376.430842867532,0.05079029384790522,26.947974403541448,4.254413839058984,1766812561.3162882
1,1.0,6.0,196701.0913216464,75654.42929426434,0.2985965755271277,0.22727237831730454,9619534.263497297,26354.88839314328,2415.360267153052,1973.8250384347184,-35.72953132507328,456.00000000000006,19.26792046883964,99.83877613629681,817.1174382099864,8787.315316006185,0.37538372244672624,16.772904952370528,32.98615133635532,1766812574.847891
2,1.0,8.0,196701.0913216464,92477.2572112557,0.2985965755271277,0.27780959267981165,11186279.587986838,30647.34133695024,3008.833046337311,2412.231804974491,-45.09588976783391,608.0,20.964165377756128,85.32312262600726,817.1174382099864,9179.61113607993,0.5658387755375591,13.83580051630628,51.941799251504094,1766812588.193248
3,1.0,10.0,196701.0913216464,96725.8478178963,0.2985965755271277,0.29057272235609316,11542473.193902519,31623.214229869915,3238.536718958406,2523.9184659883667,-51.186565033799795,670.1310582345723,22.606610850685897,84.9509855232177,817.1174382099864,9559.464593763096,0.5486811231749887,14.055905778293022,52.45097770257473,1766812597.1327214
4,1.0,12.0,196701.0913216464,96803.78773446236,0.2985965755271277,0.2908068605337129,11547554.898127696,31637.136707199166,3246.5,2525.9939337230144,-51.186565033799795,670.1310582345723,24.2094652047432,88.17416730002603,817.1174382099864,9930.161690614126,0.48017768366287455,15.012544568658058,47.68242038996905,1766812607.5813549
5,1.0,14.0,196701.0913216464,96803.78773446236,0.2985965755271277,0.2908068605337129,11547554.898127696,31637.136707199166,3246.5,2525.9939337230144,-51.186565033799795,670.1310582345723,25.781444866002857,91.40234247298426,817.1174382099864,10293.71830152064,0.4170417509407676,16.02350221059303,42.92910304157192,1766812617.803449
6,1.0,16.0,196701.0913216464,96803.78773446236,0.2985965755271277,0.2908068605337129,11547554.898127696,31637.136707199166,3246.5,2525.9939337230144,-51.186565033799795,670.1310582345723,27.32838113364817,94.57908920605563,817.1174382099864,10651.483049127386,0.3591191121154928,17.085989769257434,38.25151135315849,1766812628.56963
7,1.1,4.0,196701.0913216464,59174.6203940437,0.2985965755271277,0.19554218467149748,7436457.521488687,20373.856223256676,1928.6376062252575,1704.1343787527,-26.41538258606219,276.3636363636364,17.14502003889159,116.74743574741913,847.4099192422498,8037.212175336197,0.1148921665394099,23.96579886988095,9.234127197612992,1766812632.433674
8,1.1,6.0,196701.0913216464,70920.01017700587,0.2985965755271277,0.2343547560523506,8922150.372314686,24444.2475953827,2272.444480049109,2036.0027756565746,-26.41538258606219,414.54545454545456,18.7813635065506,101.9991378298722,847.4099192422498,8415.654403338316,0.32231514371420855,17.84232017969966,27.124928584611013,1766812633.869856
9,1.1,8.0,196701.0913216464,87638.73680576697,0.2985965755271277,0.2896016897571007,10501178.152119074,28770.351101696095,2817.1966717152186,2513.190039246024,-34.72290212692626,552.7272727272726,20.34233034510391,86.08168571145598,847.4099192422498,8776.664044587204,0.5318471636153627,14.27905042201301,46.678438781186415,1766812635.510527
10,1.1,10.0,196701.0913216464,96264.7246788125,0.2985965755271277,0.31810621589369675,11237241.58523111,30786.96324720852,3204.2943492872923,2761.315934532944,-34.72290212692626,670.1310582345723,21.852840508413156,81.48748216972422,847.4099192422498,9126.004414088233,0.5854269644831677,13.593095447636664,53.42609061999663,1766812638.0454822
11,1.1,12.0,196701.0913216464,96945.85553884722,0.2985965755271277,0.3203570088101777,11284339.081026202,30915.997482263567,3246.5,2781.1666403019,-34.72290212692626,656.3636363636363,23.326217888841533,83.93621436330154,847.4099192422498,9466.756969745107,0.5249414215979463,14.372737105348113,49.69492861620263,1766812640.3862631
12,1.1,14.0,196701.0913216464,96945.85553884722,0.2985965755271277,0.3203570088101777,11284339.081026202,30915.997482263567,3246.5,2781.1666403019,-34.72290212692626,656.3636363636363,24.770636732513008,86.89808726968135,847.4099192422498,9800.812194806933,0.46248541393430737,15.282143065663467,45.32732684807692,1766812641.9969523
13,1.1,16.0,196701.0913216464,96945.85553884722,0.2985965755271277,0.3203570088101777,11284339.081026202,30915.997482263567,3246.5,2781.1666403019,-34.72290212692626,656.3636363636363,26.19156582079866,89.81179293540269,847.4099192422498,10129.434871299873,0.4050645806436785,16.231656984818702,41.03075288300536,1766812643.4527578
14,1.2000000000000002,4.0,196701.0913216464,64292.00704027696,0.2985965755271277,0.23176642768665096,7537248.541412757,20649.996003870565,2082.5881567690367,2020.453524464228,-21.609308538583118,253.33333333333331,16.852891509722376,103.59570339333644,876.4404483012722,7748.56587414075,0.18787264236503184,21.345525080741858,14.557435453143356,1766812645.0032344
15,1.2000000000000002,6.0,196701.0913216464,71326.24975840241,0.2985965755271277,0.25712418802596404,8659779.99811022,23725.424652356767,2270.192611550342,2234.468913064217,-21.5418700222328,380.0,18.371218314391864,97.61075974383996,876.4404483012722,8099.71402252826,0.3360910298180461,17.551043313147073,27.22241227063192,1766812647.151933
16,1.2000000000000002,8.0,196701.0913216464,82626.93157084324,0.2985965755271277,0.29786204603764693,9830839.182639519,26933.8059798343,2649.1949228482326,2584.475590615045,-21.5418700222328,506.66666666666663,19.818453148713306,87.74270561365093,876.4404483012722,8434.420510479978,0.48430529975632747,14.951069803244005,40.848345535989225,1766812648.9652474
17,1.2000000000000002,10.0,196701.0913216464,94611.98448711685,0.2985965755271277,0.3410669952671841,10875950.479179643,29797.124600492174,3088.0148753535636,2958.8373162162197,-29.99638538596204,633.3333333333333,21.21809715705209,79.56868173812701,876.4404483012722,8758.12052052941,0.6015223817180151,13.400171372018201,52.68205514882273,1766812650.718939
18,1.2000000000000002,12.0,196701.0913216464,96980.35366666215,0.2985965755271277,0.34960473564045486,11053025.415735392,30282.261412973676,3238.536718958406,3033.520356247051,-29.99638538596204,652.6673821300434,22.582716290833865,80.42276826392862,876.4404483012722,9073.72021922929,0.5651246074457258,13.844819379219315,51.27782576964297,1766812652.4374278
19,1.2000000000000002,14.0,196701.0913216464,97041.34654311472,0.2985965755271277,0.349824609023485,11056720.494921576,30292.38491759336,3246.5,3035.434815888192,-29.99638538596204,652.6673821300434,23.920020081209152,83.11174881873926,876.4404483012722,9383.002613755745,0.5040062387514598,14.664743972437325,47.290918555541495,1766812654.7819817
20,1.2000000000000002,16.0,196701.0913216464,97041.34654311472,0.2985965755271277,0.349824609023485,11056720.494921576,30292.38491759336,3246.5,3035.434815888192,-29.99638538596204,652.6673821300434,25.235166549295727,85.80588677169878,876.4404483012722,9687.160615647506,0.4471300668738376,15.524482584859886,43.31420773892076,1766812657.1199281
21,1.3000000000000003,4.0,196701.0913216464,70898.67631967338,0.2985965755271277,0.2768813963457565,7844237.464751676,21491.061547264864,2233.2789433688567,2413.9732006614063,-23.64389486049509,233.84615384615384,16.60285251464459,90.91341438156186,904.1625049705477,7498.746944654151,0.30062172995086,18.32245807697121,22.542862789656567,1766812659.7759306
22,1.3000000000000003,6.0,196701.0913216464,74167.26742539478,0.2985965755271277,0.28964626187518994,8601712.012324672,23566.33428034157,2336.586445292404,2517.7490664999873,-23.64389486049509,350.7692307692308,18.020424177988577,90.70638877041405,904.1625049705477,7826.59313906959,0.38203955140221585,16.64824603351054,29.900681318578066,1766812662.112045
23,1.3000000000000003,8.0,196701.0913216464,80724.96475812106,0.2985965755271277,0.3152561108674519,9427324.928782802,25828.287476117264,2551.3249350306655,2735.1946047004412,-23.64389486049509,467.6923076923076,19.37062469725296,86.66285964710798,904.1625049705477,8138.858200078475,0.47315812630792964,15.118312190066087,38.5096689623506,1766812675.483715
24,1.3000000000000003,10.0,196701.0913216464,91345.26478265293,0.2985965755271277,0.3567316877476833,10381506.394328557,28442.48327213303,2938.136801319156,3093.324769264689,-23.64389486049509,584.6153846153845,20.67572355137633,79.42723337577601,904.1625049705477,8440.692459131711,0.5832631385036603,13.619471598229415,49.2314477485734,1766812689.68955
25,1.3000000000000003,12.0,196701.0913216464,96799.31222129638,0.2985965755271277,0.3780314404220299,10819762.615774462,29643.185248697155,3212.1888053895054,3278.2653289068753,-23.64389486049509,640.9002890038031,21.947628599872186,77.56406679141375,904.1625049705477,8734.849883824789,0.5967196045178692,13.457142563476248,52.12256168198884,1766812703.4764078
26,1.3000000000000003,14.0,196701.0913216464,97320.05773629129,0.2985965755271277,0.3800651137262037,10854450.475683767,29738.22048132539,3246.5,3296.0690562405566,-23.64389486049509,640.9002890038031,23.193645824546913,79.6942461665699,904.1625049705477,9023.020151225634,0.5418154780959703,14.146033230843262,48.88811977105891,1766812717.5334158
27,1.3000000000000003,16.0,196701.0913216464,97320.05773629129,0.2985965755271277,0.3800651137262037,10854450.475683767,29738.22048132539,3246.5,3296.0690562405566,-23.64389486049509,640.9002890038031,24.418663360314422,82.19656398690887,904.1625049705477,9306.333755453696,0.48551814296419904,14.933106067358771,45.18393882752919,1766812731.6598058
28,1.4000000000000004,4.0,196701.0913216464,74227.7478796211,0.2985965755271277,0.3121811074004734,7938852.654012,21750.281243868492,2330.4198539261947,2722.9174465523342,-19.02532822234987,217.1428571428571,16.386207870481783,84.29936585438763,930.6290763184704,7279.695169469658,0.3689896323507331,16.89453184504145,26.86132044208017,1766812745.166069
29,1.4000000000000004,6.0,196701.0913216464,76757.32684287865,0.2985965755271277,0.32281980767853324,8566650.47821735,23470.27528278726,2407.3887134745505,2807.1210272522376,-19.02532822234987,325.71428571428567,17.716689947743184,84.96704796594078,930.6290763184704,7587.399885250401,0.42819714194838177,15.834607929615672,32.48902945683702,1766812758.6257486
30,1.4000000000000004,8.0,196701.0913216464,80861.91274191668,0.2985965755271277,0.34008254577830865,9199211.574735427,25203.319382836788,2542.709138097186,2950.8601311220573,-19.02532822234987,434.2857142857142,18.983067838751598,83.76738977473921,930.6290763184704,7880.27902709186,0.48708679389709836,14.90993908546108,38.3837984632072,1766812772.7463865
31,1.4000000000000004,10.0,196701.0913216464,87978.98917973603,0.2985965755271277,0.3700149749207837,9900983.745509297,27125.98286440903,2807.4290155549616,3207.7271643557906,-19.02532822234987,542.8571428571427,20.20652992891904,79.75549537492807,930.6290763184704,8163.232898592621,0.5570376312157814,13.947803822765138,45.47227916894771,1766812787.3700614
32,1.4000000000000004,12.0,196701.0913216464,95806.75027662792,0.2985965755271277,0.40293634459048044,10543350.344748914,28885.891355476477,3143.7985128664527,3492.515040880072,-19.02532822234987,624.2857142857141,21.398406343053637,75.71225736896073,930.6290763184704,8438.88185285133,0.6131506472863258,13.264281346017471,51.74305870448622,1766812801.7873266
33,1.4000000000000004,14.0,196701.0913216464,97360.0645319132,0.2985965755271277,0.40946914907678,10652010.811820019,29183.591265260326,3238.536718958406,3549.453591253282,-19.02532822234987,644.2809364192702,22.56564874808242,76.88764131263983,930.6290763184704,8708.833623435043,0.5727971940862313,13.748560060296974,49.88395463267419,1766812815.788098
34,1.4000000000000004,16.0,196701.0913216464,97440.10942297173,0.2985965755271277,0.4098057954583047,10656304.406823471,29195.354539242388,3246.5,3552.3904344594075,-19.02532822234987,644.2809364192702,23.71290829845698,79.16507571806532,930.6290763184704,8974.163897256829,0.5179412831932921,14.469019579303893,46.48089964532117,1766812829.2181096
35,1.5000000000000004,4.0,196701.0913216464,75961.83807014178,0.2985965755271277,0.34229379087122297,7936556.107265554,21743.98933497412,2384.6741147754874,2986.213151452962,-9.977709174730819,202.66666666666663,16.19652573280244,80.19087803718622,956.260345211395,7086.683484038909,0.41415065801203066,16.073232171038807,29.34954628037704,1766812841.9187832
36,1.5000000000000004,6.0,196701.0913216464,79245.53141935133,0.2985965755271277,0.3570905345140202,8558439.59220916,23447.77970468263,2467.4530077506406,3106.1077937602745,-9.977709174730819,303.9999999999999,17.450928970362877,80.01478170997449,956.260345211395,7376.793210644528,0.47603859719746705,15.074722699346312,35.116382918110205,1766812855.4464962
37,1.5000000000000004,8.0,196701.0913216464,81543.00741956756,0.2985965755271277,0.36744325621650853,9024373.297827648,24724.310405007254,2555.7910891769543,3189.156114249041,-9.977709174730819,405.33333333333326,18.64412361104504,80.66925210707066,956.260345211395,7652.747035244659,0.5053214255552294,14.646035995272513,38.670970412633864,1766812865.598408
38,1.5000000000000004,10.0,196701.0913216464,85926.68718531127,0.2985965755271277,0.3871966798184539,9528497.678530114,26105.473091863325,2727.771717664642,3355.985775453892,-9.977709174730819,506.6666666666666,19.79634009639188,79.2194715500295,956.260345211395,7919.223714788745,0.542181311908109,14.14120052706921,42.93655102977971,1766812878.6125681
39,1.5000000000000004,12.0,196701.0913216464,93761.62390269378,0.2985965755271277,0.42250191015993965,10189124.090193737,27915.40846628421,3021.2921041894006,3660.5361477325896,-13.973292376323567,600.4537347908648,20.91839655401547,74.97869772123713,956.260345211395,8178.7251911962185,0.6076637558634593,13.3280450100189,49.699148678573835,1766812892.346716
40,1.5000000000000004,14.0,196701.0913216464,97420.09214794634,0.2985965755271277,0.43898743758086867,10466015.106179737,28674.013989533523,3216.4805125860535,3803.346649957435,-13.973292376323567,622.5666507049845,22.016930619572832,74.40463152829142,956.260345211395,8432.786571048524,0.6004411331006002,13.412953682046469,50.63391923915901,1766812906.5673356
41,1.5000000000000004,16.0,196701.0913216464,97890.31990220955,0.2985965755271277,0.44110634418803885,10495375.433152575,28754.453241513904,3246.5,3821.824891123123,-13.973292376323567,599.8368295637538,23.096383393890182,76.23935064053548,956.260345211395,8682.43496150542,0.5507813672533857,14.028573035717763,47.821233991865526,1766812918.4634006
42,1.6000000000000005,4.0,196701.0913216464,73892.73550045864,0.2985965755271277,0.35516815909857563,7589482.350626515,20793.1023304836,2340.1065325775317,3099.1400178033664,-4.506884159898259,189.99999999999997,16.028942562094578,80.45484987627297,981.5375157360556,6916.3438383692355,0.3794096504723499,16.69726796634817,26.241275982622625,1766812932.0120924
43,1.6000000000000005,6.0,196701.0913216464,80912.22639666554,0.2985965755271277,0.38890760104141103,8515964.934225557,23331.410778700156,2517.024668618016,3384.0132150485924,-10.943209063905766,284.9999999999999,17.216273909446613,76.39219876244513,981.5375157360556,7190.941640939067,0.5130532229061963,14.537052197472454,36.8933578461416,1766812944.7804308
44,1.6000000000000005,8.0,196701.0913216464,82725.62370169835,0.2985965755271277,0.3976237620845872,8912588.541210558,24418.050797837146,2582.5021277788874,3452.1610485985384,-2.0610425080641583,379.9999999999999,18.34498408682796,77.4299789768686,981.5375157360556,7451.981943747838,0.5310998635946448,14.289127316458888,39.57746593834233,1766812958.448156
45,1.6000000000000005,10.0,196701.0913216464,86036.31029353922,0.2985965755271277,0.41353669932006365,9336205.821364176,25578.64608592925,2701.200987915622,3584.4593731507885,-3.195136685231823,474.9999999999999,19.43444774318765,76.9677563454151,981.5375157360556,7703.945581938016,0.5554972482198007,13.96760062810664,42.795205712016596,1766812970.5635657
46,1.6000000000000005,12.0,196701.0913216464,91184.57092440184,0.2985965755271277,0.438282003962518,9808056.278237386,26871.38706366407,2913.1373336951465,3796.4713137948083,-10.943209063905766,569.9999999999998,20.495025548479955,74.93436485777245,981.5375157360556,7949.228699777956,0.5892615975670471,13.546611968748717,46.84175203056979,1766812982.3890045
47,1.6000000000000005,14.0,196701.0913216464,96768.56574647871,0.2985965755271277,0.46512168106935226,10240480.781554693,28056.11173028683,3177.561017677506,4028.224515443034,-11.516992266286657,617.4999999999998,21.533074533452623,72.74279003419177,981.5375157360556,8189.301507481587,0.6148307876043126,13.244882328667613,50.35034695774088,1766812995.7825744
48,1.6000000000000005,16.0,196701.0913216464,97822.76380972278,0.2985965755271277,0.4701887229498813,10309358.241479168,28244.817099942924,3238.536718958406,4072.4877672009575,-11.516992266286657,579.8166507049846,22.55284809101883,74.03123457049855,981.5375157360556,8425.147700417543,0.5735874944408922,13.738723856138868,48.325593597769426,1766813009.3859499
49,1.7000000000000006,4.0,196701.0913216464,70121.47888356356,0.2985965755271277,0.3581065672376174,7079133.380207719,19394.885973171833,2239.7583530238935,3125.7233492463865,-31.62794677933941,178.82352941176467,15.879710133384853,82.86979298992192,1004.9481203691453,6760.361554614779,0.3022819135383353,18.284742448990105,20.435350269399507,1766813023.1791446
50,1.7000000000000006,6.0,196701.0913216464,82295.38805686813,0.2985965755271277,0.42027805724788475,8487668.586352559,23253.886537952218,2559.1897041465127,3657.408258586491,-3.197442310920451e-14,268.235294117647,17.007434950595478,73.33505705777267,1004.9481203691453,7021.1739701213055,0.5508765277447247,14.027337224144603,38.67799937352069,1766813036.7100608
51,1.7000000000000006,8.0,196701.0913216464,84076.953409646,0.2985965755271277,0.42937641431265994,8837409.824767051,24212.081711690553,2619.2582189692084,3728.397034517827,-3.197442310920451e-14,357.64705882352933,18.078867170708,74.31443045543583,1004.9481203691453,7268.967422135827,0.5614911169847564,13.89089450257119,40.81460637180851,1766813049.9941537
52,1.7000000000000006,10.0,196701.0913216464,86294.03992538917,0.2985965755271277,0.44069895419719307,9169909.785137236,25123.040507225305,2700.9785830114743,3820.387552696133,-3.1951366852318444,447.0588235294116,19.1126114274652,74.7865404487123,1004.9481203691453,7508.044661996275,0.57005698054513,13.782778637333731,42.80013269815578,1766813063.6691236
53,1.7000000000000006,12.0,196701.0913216464,89899.27000485014,0.2985965755271277,0.4591106675325802,9533435.63448565,26119.001738316852,2852.198572191928,3975.8161452834847,-8.072092557639195,536.4705882352939,20.1186167387581,74.01194893924007,1004.9481203691453,7740.706629921817,0.5858183440020404,13.588335995106963,45.346479393464136,1766813077.3698597
54,1.7000000000000006,14.0,196701.0913216464,95203.77857952096,0.2985965755271277,0.4862005034402358,9954268.59693553,27271.96875872748,3079.4009104413794,4209.394804639247,-8.877477745841885,603.5294117647056,21.102987607497145,71.94364517297437,1004.9481203691453,7968.365133230374,0.6129136129049989,13.267022895082922,48.839194627544515,1766813091.110969
55,1.7000000000000006,16.0,196701.0913216464,97546.82251794146,0.2985965755271277,0.4981663010108764,10121085.88860268,27729.00243452789,3219.8708626578273,4313.225457331328,-8.877477745841885,565.880452192017,22.069808490217056,72.18589536371884,1004.9481203691453,8191.964796850472,0.5918010497414182,13.516009556921443,48.48013366220853,1766813105.3674583
56,1.8000000000000007,4.0,196701.0913216464,65613.37758245452,0.2985965755271277,0.35479475981860786,6488363.47490208,17776.33828740296,2120.0387340321104,3098.7435171843717,-50.483219652296995,168.88888888888886,15.745891459856358,86.76844607604093,1029.0568711182075,6623.33644984934,0.1984694922508096,21.015944957771456,13.145302222078783,1766813117.5589087
57,1.8000000000000007,6.0,196701.0913216464,82162.56909099579,0.2985965755271277,0.4442820967429479,8359633.615689965,22903.105796410862,2579.860224309282,3865.5656563751772,-6.951862696705437,253.3333333333333,16.820269178743978,71.89101259580909,1029.0568711182075,6871.811116499455,0.5626265124077301,13.876462762922761,38.66263122400758,1766813130.320785
58,1.8000000000000007,8.0,196701.0913216464,85351.64315903187,0.2985965755271277,0.46152654916563757,8765279.461349275,24014.464277669245,2657.8272941826067,4007.5088501740283,-4.675042543696666,337.7777777777777,17.84046309802469,71.58102811458889,1029.0568711182075,7107.754527792653,0.5882808999268176,13.558468621319248,41.81356230068775,1766813143.1799848
59,1.8000000000000007,10.0,196701.0913216464,86744.73708441769,0.2985965755271277,0.4690595011774571,9023864.983555742,24722.917763166417,2710.0937002146056,4066.3592968372905,-4.675042543696666,422.22222222222206,18.824380642020405,72.68631096721661,1029.0568711182075,7335.308189282078,0.5836633765610979,13.614584866097998,42.813507458726505,1766813156.4060078
60,1.8000000000000007,12.0,196701.0913216464,89201.76730452766,0.2985965755271277,0.48234553336983255,9306120.379528776,25496.220217887058,2822.1507577085576,4175.983161589043,-6.951862696705437,506.6666666666666,19.781598061510934,72.81743267302762,1029.0568711182075,7556.6868301811555,0.5856806406415528,13.590010171728599,44.258051838280835,1766813169.6120687
61,1.8000000000000007,14.0,196701.0913216464,93432.76488259423,0.2985965755271277,0.5052240350536821,9656429.327545904,26455.970760399738,2992.6044428044775,4372.727116324481,-6.899473431296109,579.3426236797537,20.71799116929078,71.5123083735385,1029.0568711182075,7773.249367935533,0.6022155213536446,13.391990469987812,46.81171420723186,1766813182.8339815
62,1.8000000000000007,16.0,196701.0913216464,97345.68249000725,0.2985965755271277,0.5263825657354396,9939005.342691295,27230.151623811766,3194.5199254327717,4555.2857168050305,-6.899473431296109,553.5920146461046,21.637491424150284,70.51554148434408,1029.0568711182075,7985.905043210952,0.6057577113197092,13.350344083201863,48.3752356179199,1766813196.579235
63,1.9000000000000008,4.0,196701.0913216464,61571.93951856022,0.2985965755271277,0.3514380109506863,5970387.279164063,16357.225422367295,1998.7883288395751,3071.7283917771606,-53.60521774374116,159.99999999999997,15.625151371996115,90.65777603065615,1050.6278586305261,6493.973281901897,0.10585346896064117,24.34106945459109,6.874095992270355,1766813209.9188442
64,1.9000000000000008,6.0,196701.0913216464,80366.58475337524,0.2985965755271277,0.4587133832955209,8104361.204918176,22203.729328542948,2531.2869055073274,3991.3704024516064,-5.723495316547396,239.99999999999994,16.65148412965477,71.99514028991312,1050.6278586305261,6731.336441383058,0.5433557462669594,14.12570928983982,36.575103354816704,1766813223.301858
65,1.9000000000000008,8.0,196701.0913216464,86374.64851302092,0.2985965755271277,0.4930059846633616,8705942.230117368,23851.8965208695,2687.6441667568843,4280.836978129713,-0.2305980992522194,319.9999999999999,17.62555351428036,69.22913680309982,1050.6278586305261,6956.612488516201,0.6163561475132634,13.227321185000283,42.87750873164502,1766813235.5640647
66,1.9000000000000008,10.0,196701.0913216464,87567.02761659437,0.2985965755271277,0.4998118014645799,8922344.106236197,24444.778373249854,2734.351285218032,4333.2060374309385,-0.2305980992522194,399.9999999999999,18.56463212611635,70.41834577119724,1050.6278586305261,7173.796111121284,0.6044856886950325,13.365268671494498,43.364570827888954,1766813249.4414961
67,1.9000000000000008,12.0,196701.0913216464,89581.12902235528,0.2985965755271277,0.5113078140545394,9171369.350506116,25127.039316455113,2812.0846711350755,4426.842556906283,-5.840751585594326,479.99999999999983,19.477956773154187,70.86189294498652,1050.6278586305261,7385.023534425469,0.6016366517408116,13.398821967722718,44.43100832278833,1766813262.6918705
68,1.9000000000000008,14.0,196701.0913216464,92281.26895956276,0.2985965755271277,0.5267195716870022,9414905.259439994,25794.260984767105,2938.0130232276183,4557.6864024530905,-5.788362320185,559.9999999999998,20.371195009065243,70.71270847216196,1050.6278586305261,7591.605511141193,0.5990010684597454,13.430017107787833,45.47379812498467,1766813276.0976012
69,1.9000000000000008,16.0,196701.0913216464,96345.35857860665,0.2985965755271277,0.5499164302431888,9715794.205184804,26618.614260780287,3126.3391671253635,4757.3131243307635,-5.836056273965239,545.5669077728579,21.24813895677476,69.53930590743028,1050.6278586305261,7794.419057296604,0.6087370288467293,13.315522539582654,47.44751498525059,1766813289.0213575
70,2.000000000000001,4.0,196701.0913216464,58411.38169411589,0.2985965755271277,0.35094557614825705,5597678.585542036,15336.105713813799,1888.1402028619182,3068.7719431686555,-69.41444841427266,151.99999999999997,15.515609000626029,93.91285644853576,1074.033860289307,6381.828542486541,0.040911239340905084,27.484821308086644,2.610885149342863,1766813302.2829258
71,2.000000000000001,6.0,196701.0913216464,77133.24640771898,0.2985965755271277,0.4634297428966535,7732918.257904772,21186.077418917183,2435.683133729469,4032.2632243271323,-4.788362320184998,227.99999999999994,16.498429055543703,73.65122512799688,1074.033860289307,6609.1283842736175,0.4911831182688618,14.849793788788093,32.4629228882676,1766813313.163201
72,2.000000000000001,8.0,196701.0913216464,86935.9273777777,0.2985965755271277,0.5223259275281046,8632799.485856868,23651.50544070375,2705.8855469953887,4533.961819775615,-3.552713678800501e-14,303.9999999999999,17.430743343296154,67.47838826696244,1074.033860289307,6824.747600671999,0.6370520084552252,12.993725265888575,43.47719166208077,1766813326.1112986
73,2.000000000000001,10.0,196701.0913216464,88607.93344640252,0.2985965755271277,0.5323716260898975,8849078.979577806,24244.051998843304,2763.9411097290854,4614.734690389056,-7.105427357601002e-15,379.9999999999999,18.32924355028962,68.22089363790492,1074.033860289307,7032.546529757117,0.6268721058278779,13.10755137676687,44.08507252441379,1766813338.8251705
74,2.000000000000001,12.0,196701.0913216464,89869.19991200988,0.2985965755271277,0.5399495308339937,9035751.06694762,24755.48237519896,2814.3630513163534,4674.337801899304,-1.4161581546046076,455.99999999999983,19.202855842705077,69.19590906398803,1074.033860289307,7234.589553661339,0.6125167181884638,13.271616021565242,44.31307050849186,1766813351.9165998
75,2.000000000000001,14.0,196701.0913216464,92179.40576463705,0.2985965755271277,0.5538296429021694,9254363.68894111,25354.421065592083,2915.091517647935,4790.351694414423,-4.719151381168608,531.4365788647765,20.05705717449791,69.30388341717612,1074.033860289307,7432.143344509741,0.6066993751374852,13.339317786006456,45.09076723046279,1766813364.9417868
76,2.000000000000001,16.0,196701.0913216464,95005.70120189883,0.2985965755271277,0.5708105095043191,9472939.264970414,25953.258260192917,3049.2781293244125,4936.27987770139,-4.719151381168608,540.8163427160539,20.895512142145144,68.99659953206051,1074.033860289307,7626.055424893337,0.6020872576284567,13.393503545187283,45.91550797296645,1766813376.307227
77,2.100000000000001,4.0,196701.0913216464,55377.98711668008,0.2985965755271277,0.3493564435983784,5251077.208316453,14386.512899497131,1780.3896052423042,3056.763125965036,-90.47619047619045,144.76190476190473,15.415731771906557,97.39885127025671,1095.210718932966,6274.998164889165,-0.021043429618235323,31.518451978378355,-1.3204748223740097,1766813390.2443721
78,2.100000000000001,6.0,196701.0913216464,72797.87306112441,0.2985965755271277,0.4592511818924577,7282706.835934021,19952.621468312384,2319.3373702498993,3997.417046713349,-3.818733411785489,217.14285714285708,16.358944988405096,76.66785992426813,1095.210718932966,6493.138010335802,0.4167258545432872,16.02892023842568,27.058584860246867,1766813404.4136233
79,2.100000000000001,8.0,196701.0913216464,86120.80415043973,0.2985965755271277,0.5432999540853265,8474319.375859458,23217.313358519063,2689.17756222865,4714.909454728201,-3.935989680832421,289.52380952380946,17.253268240186248,66.87168077938652,1095.210718932966,6699.970922036397,0.6369035909505304,12.995370113798986,42.672355395091174,1766813416.685529
80,2.100000000000001,10.0,196701.0913216464,89003.20684620345,0.2985965755271277,0.5614838211278158,8748489.453480188,23968.464256110103,2777.194738381326,4866.767133048812,-2.842170943040401e-14,361.90476190476176,18.114859240659467,66.63042781061242,1095.210718932966,6899.233744475583,0.6418359386871533,12.940936443102837,44.281761666075695,1766813431.2388775
81,2.100000000000001,12.0,196701.0913216464,90079.45276435988,0.2985965755271277,0.568273404245241,8903230.18785684,24392.411473580385,2818.6367842265604,4919.463605124715,-0.5113962498427025,434.2857142857141,18.95235859485148,67.68259708735279,1095.210718932966,7092.924817172068,0.6221424184205488,13.161140709600296,44.1280939943056,1766813445.436205
82,2.100000000000001,14.0,196701.0913216464,91629.71727104843,0.2985965755271277,0.5780533713926994,9075031.479593001,24863.099944090416,2896.423093567321,4999.131279850136,-3.931294369203334,497.0556264838241,19.77106803659597,68.31370582547837,1095.210718932966,7282.2702885500385,0.6082375917377607,13.32134671807887,44.29350542691124,1766813457.6871727
83,2.100000000000001,16.0,196701.0913216464,93897.47809616405,0.2985965755271277,0.5923597212267021,9255511.704864223,25357.5663146965,2994.2131662504116,5121.035704790886,-3.931294369203334,524.7619047619046,20.574534921429986,68.36487837896748,1095.210718932966,7468.090566524754,0.5977220421905711,13.445210121519668,44.63842344687315,1766813468.3033042
84,2.200000000000001,4.0,196701.0913216464,52942.06808132278,0.2985965755271277,0.34989350450285445,4991311.496932147,13674.826018992184,1688.441613557855,3062.1430811446253,-97.48357363089565,138.18181818181813,15.32425786578233,100.27729719002421,1115.7325653164319,6176.267882635577,-0.06513419539499242,35.39547216281844,-4.0228623907940175,1766813478.4930906
85,2.200000000000001,6.0,196701.0913216464,68312.14060123141,0.2985965755271277,0.45147413278872023,6812700.925334044,18664.93404201108,2204.034729243651,3931.5434391425542,-2.996222589274664,207.27272727272717,16.231255104326628,80.35457158386839,1115.7325653164319,6386.031946556417,0.3325038048153409,17.6259158015081,21.233799199023267,1766813488.904657
86,2.200000000000001,8.0,196701.0913216464,83174.0451564599,0.2985965755271277,0.5496962849802087,8153529.092949614,22338.435871094833,2610.602870416764,4770.268580018963,-3.1134788583215958,276.36363636363626,17.090853837528435,68.05098340850824,1115.7325653164319,6584.834011165802,0.5960116660202086,13.465582680908938,39.24637889461462,1766813498.9118304
87,2.200000000000001,10.0,196701.0913216464,89130.25447321511,0.2985965755271277,0.5890608022142314,8641462.010473017,23675.23838485758,2781.7358274307303,5104.190144194633,-1.7763568394002505e-14,345.45454545454527,17.918718958338204,65.34986279943351,1115.7325653164319,6776.2969448325985,0.6529203764670762,12.8203097090864,44.24382352272799,1766813509.5637763
88,2.200000000000001,12.0,196701.0913216464,90350.058963763,0.2985965755271277,0.597122475727826,8785637.385315344,24070.23941182286,2827.5751431424223,5168.756181733169,-5.684341886080802e-14,414.5454545454543,18.72322750098509,66.23771101331954,1115.7325653164319,6962.358130239836,0.6323647310577205,13.045881017086595,44.02749726556648,1766813521.396322
89,2.200000000000001,14.0,196701.0913216464,91781.7229252444,0.2985965755271277,0.6065843259899597,8943251.191613294,24502.058059214505,2883.6138656324056,5244.975118950958,-4.973799150320701e-14,483.0729425011402,19.509519464839993,66.90755799991499,1115.7325653164319,7144.206310980959,0.6169031745112832,13.221035109467842,44.07283552607697,1766813534.5981636
90,2.200000000000001,16.0,196701.0913216464,93494.1071139144,0.2985965755271277,0.6179014529278173,9087297.464656608,24896.705382620843,2969.6991374085637,5340.015688124686,-2.9918786538958777,500.90909090909065,20.281033983931,67.32256541351789,1115.7325653164319,7322.636866247261,0.6002522323546141,13.415189421255565,43.954291256871144,1766813548.694041
91,2.300000000000001,4.0,196701.0913216464,50957.57849784964,0.2985965755271277,0.3520861287702903,4777386.253579374,13088.7294618613,1610.4062528733423,3081.9030137056434,-91.73439849425198,132.1739130434782,15.240138582662558,102.7044801649424,1137.5072345755816,6088.646685060103,-0.1012674169991478,39.61054595300775,-6.165815228164604,1766813561.8333993
92,2.300000000000001,6.0,196701.0913216464,64306.13068152068,0.2985965755271277,0.44431657224074034,6392439.276077418,17513.532263225803,2095.1555981474885,3871.2583601159013,-2.839293751426119,198.26086956521732,16.11388326566096,84.0863297609505,1137.5072345755816,6290.720327344979,0.2546528469808541,19.437180727598026,16.019498409187293,1766813574.8665185
93,2.300000000000001,8.0,196701.0913216464,79904.84115449,0.2985965755271277,0.5520942521489038,7821774.195278369,21429.518343228407,2516.337744604327,4791.418089656924,-2.839293751426119,264.3478260869564,16.941611195156696,69.73061320207084,1137.5072345755816,6482.151532351154,0.5474881891242753,14.071480048852415,35.48901404076079,1766813588.5786822
94,2.300000000000001,10.0,196701.0913216464,89094.40101118598,0.2985965755271277,0.6155885674288869,8542186.727156006,23403.25130727673,2781.9750732057964,5331.768664104205,-2.839293751426119,330.4347826086955,17.73853074556898,64.31645600108493,1137.5072345755816,6666.457587991128,0.6623279621021534,12.7197375453645,44.15381268694601,1766813602.1928837
95,2.300000000000001,12.0,196701.0913216464,90879.24579738142,0.2985965755271277,0.6279207682467477,8702799.69278428,23843.28682954597,2842.1640713678607,5433.900346992508,-2.839293751426119,396.5217391304346,18.512774780656013,64.74691634396062,1137.5072345755816,6845.519406885953,0.6468710846617207,12.885851971509647,44.281685638051755,1766813616.134261
96,2.300000000000001,14.0,196701.0913216464,91890.30334794974,0.2985965755271277,0.6349065660306552,8821448.391015437,24168.351756206674,2882.386904355867,5489.301478275686,-2.839293751426119,453.78440495173305,19.269333463492924,65.67123811560079,1137.5072345755816,7020.491079524312,0.624143539597717,13.138411969514136,43.817941520885014,1766813629.4460182
97,2.300000000000001,16.0,196701.0913216464,93537.0613522857,0.2985965755271277,0.646284670482628,8962193.273831073,24553.95417487965,2958.4109301143653,5583.860856026538,-2.839293751426119,479.13043478260846,20.011545664727755,66.09248761298034,1137.5072345755816,7192.144796874683,0.6081252773448709,13.322657197039316,43.73725049303887,1766813636.25883
98,2.4000000000000012,4.0,196701.0913216464,49183.31924211238,0.2985965755271277,0.35460215747737855,4606843.008331327,12621.487694058429,1538.0925513634165,3103.9197027951323,-94.99999999999996,126.66666666666661,15.162494885625573,104.93901722682578,1157.4673480631357,6004.5080269468635,-0.12802735574357585,43.71036464669178,-7.687412852310828,1766813639.7504203
99,2.4000000000000012,6.0,196701.0913216464,60482.641375400344,0.2985965755271277,0.43606807047873375,5992123.045702102,16416.77546767699,1995.406943474003,3801.426565517979,-0.19996036369463432,189.99999999999991,16.005592620217808,88.10547200268978,1157.4673480631357,6199.493854438866,0.17837579403422693,21.650617703760613,11.058396388958428,1766813642.9247372
100,2.4000000000000012,8.0,196701.0913216464,76213.46918756314,0.2985965755271277,0.5494842767668577,7458249.89896322,20433.56136702252,2417.168656692862,4769.817840904903,-1.62169565351833,253.33333333333323,16.80395801325478,72.0025174060492,1157.4673480631357,6384.134294586153,0.4884339610483093,14.890102933596436,31.182280013690686,1766813646.2098248
101,2.4000000000000012,10.0,196701.0913216464,87476.43943543971,0.2985965755271277,0.6306880997508273,8334213.183538601,22833.460776818083,2734.7894265162668,5460.996672611821,-1.5568286498807264,316.6666666666665,17.572375124546944,64.47813977267371,1157.4673480631357,6561.848502745879,0.6450081865730585,12.906175529759079,42.32446003323258,1766813649.3858902
102,2.4000000000000012,12.0,196701.0913216464,90977.21540926766,0.2985965755271277,0.6559280130444679,8595388.73422203,23549.010230745287,2843.7247985243084,5674.379457016323,-6.394884621840902e-14,379.9999999999998,18.31874985926406,63.627938325496736,1157.4673480631357,6734.46490212255,0.6545805437147847,12.802442492412021,44.08249697259512,1766813653.0413842
103,2.4000000000000012,14.0,196701.0913216464,91936.82428446182,0.2985965755271277,0.6628466062326017,8695595.877922935,23823.550350473797,2883.7723860758433,5729.759981173535,-4.618527782440651e-14,432.4990124351402,19.047933100882204,64.54051137672376,1157.4673480631357,6903.10537158008,0.6289638630503822,13.083994512315801,43.41803821552851,1766813656.5614803
104,2.4000000000000012,16.0,196701.0913216464,93024.69925338762,0.2985965755271277,0.6706899729876543,8802334.383004732,24115.98461097187,2943.4446526295883,5793.801843492265,-3.375077994860476e-14,466.56201585691457,19.763170517909742,65.31420540525677,1157.4673480631357,7068.5205469390885,0.6068618076820138,13.337417708132898,42.89615156752912,1766813659.8958309
105,2.5000000000000013,4.0,196701.0913216464,47501.78589420139,0.2985965755271277,0.35674857226479073,4440541.215238559,12165.86634311934,1473.9995931943301,3122.5,-95.23304394874452,121.59999999999995,15.090584200620766,107.19457627756701,1175.8306524716854,5923.867719955237,-0.15512750373266335,49.29618647028156,-9.189548118391599,1766813663.5576825
106,2.5000000000000013,6.0,196701.0913216464,57594.669917930994,0.2985965755271277,0.43254829005896284,5694399.803983899,15601.095353380544,1906.639487744943,3771.989063546522,-11.430598099252203,182.39999999999995,15.905338709766497,91.22201492879218,1175.8306524716854,6112.298521807001,0.12469441620592178,23.57307234381105,7.621694958530426,1766813666.5928392
107,2.5000000000000013,8.0,196701.0913216464,72676.55420179386,0.2985965755271277,0.5458164669084496,7111979.4720068965,19484.87526577232,2316.320827353211,4739.151358025874,-11.430598099252203,243.1999999999999,16.67655847818303,74.401098069351,1175.8306524716854,6290.660909170807,0.4305012157918525,15.796173731145531,27.081371695323128,1766813669.9712095
108,2.5000000000000013,10.0,196701.0913216464,84754.96180306868,0.2985965755271277,0.6365278914553948,8052519.598304958,22061.697529602625,2656.600981347481,5511.173281668705,-11.430598099252203,303.9999999999999,17.41863196705612,65.53875808925252,1175.8306524716854,6462.282546083137,0.6080810152542,13.323173718301316,39.29591331481731,1766813673.6108835
109,2.5000000000000013,12.0,196701.0913216464,90965.19063612283,0.2985965755271277,0.6831680383030136,8489867.734440325,23259.911601206368,2844.3397248647725,5907.179216985971,-11.430598099252203,364.79999999999984,18.13925347198099,62.639234659694985,1175.8306524716854,6628.942916146005,0.6613426499188115,12.730194660240926,43.84002674324533,1766813676.9621603
110,2.5000000000000013,14.0,196701.0913216464,92090.92500099944,0.2985965755271277,0.691622544167564,8588283.46891127,23529.543750441833,2892.9654443637346,5976.569511584083,-11.430598099252203,425.5999999999998,18.843144011537703,63.39298791846707,1175.8306524716854,6791.733863966116,0.6364281936635715,13.000641636971284,43.224509148876635,1766813680.3879023
111,2.5000000000000013,16.0,196701.0913216464,93139.60768663707,0.2985965755271277,0.6994983754403773,8688519.275698902,23804.162399175075,2938.8393846644212,6041.116054164499,-11.430598099252203,452.62868252358123,19.53346234976529,64.15261939299597,1175.8306524716854,6951.385926697978,0.6139496540609487,13.25504863168854,42.67800984940371,1766813683.8509665
112,2.6000000000000014,4.0,196701.0913216464,45871.63336327942,0.2985965755271277,0.3582860092061,4277888.25714778,11720.241800404876,1411.7087410278725,3135.900219108382,-101.07919779489838,116.92307692307688,15.023774749566535,109.66934456790008,1195.9558184004227,5852.643283114374,-0.18382633331166173,58.26629122040835,-10.758699549160411,1766813687.2620142
113,2.6000000000000014,6.0,196701.0913216464,54444.26181409801,0.2985965755271277,0.42524357340980207,5355731.06674746,14673.235799308108,1825.4608239086065,3709.688919878922,-7.922905791559897,175.38461538461533,15.812233229960324,95.28005957618166,1195.9558184004227,6034.992520853726,0.05677327555035211,26.63429803420903,3.4262629333074273,1766813691.039627
114,2.6000000000000014,8.0,196701.0913216464,68944.30374543468,0.2985965755271277,0.5384979263942871,6756679.994877712,18511.452040760854,2214.598353555102,4677.596093076225,-7.922905791559897,233.84615384615375,16.558276783562015,77.39234345707993,1195.9558184004227,6207.532326946855,0.3657880542769494,16.9561341909062,22.706411717351543,1766813694.5178492
115,2.6000000000000014,10.0,196701.0913216464,81504.11060409935,0.2985965755271277,0.6365978357686206,7745451.280724185,21220.414467737493,2560.7614319053255,5512.293392129997,-7.922905791559897,292.30769230769215,17.275924000000558,67.21654783093415,1195.9558184004227,6373.504824088339,0.560700039992327,13.900968125196504,35.736244097576204,1766813698.1073732
116,2.6000000000000014,12.0,196701.0913216464,89986.59217186933,0.2985965755271277,0.7028512967040987,8334615.153959829,22834.562065643368,2814.778216963413,6075.34298022317,-7.922905791559897,350.76923076923066,17.972671317792198,62.41967564243144,1195.9558184004227,6534.643736859991,0.6532311395674233,12.81696126787207,42.68632774896177,1766813701.567652
117,2.6000000000000014,14.0,196701.0913216464,91989.33046753086,0.2985965755271277,0.7184939293907124,8474640.491272971,23218.193126775262,2890.807761328324,6206.8044323181475,-7.922905791559897,409.230769230769,18.653118326535406,62.53119155196113,1195.9558184004227,6692.012826611397,0.6392895661619639,12.968979399337156,42.78133976674698,1766813704.8356779
118,2.6000000000000014,16.0,196701.0913216464,92691.51395970659,0.2985965755271277,0.7239784195362811,8547015.056705762,23416.479607413046,2930.8536906042946,6251.3724455958645,-7.922905791559897,458.07593551206327,19.32034252898535,63.48846977964705,1195.9558184004227,6846.323836947959,0.6116622209751559,13.281516002670337,41.87637643622739,1766813708.1371586
119,2.7000000000000015,4.0,196701.0913216464,44470.88828217618,0.2985965755271277,0.3607047535504559,4140776.5188377677,11344.593202295255,1361.8048032386632,3157.0,-98.51851851851846,112.59259259259254,14.961525489805677,111.84859633466375,1216.1186573778084,5786.673046760906,-0.20744071291899355,71.73275666806185,-12.003915822492068,1766813711.5028248
120,2.7000000000000015,6.0,196701.0913216464,52157.35805817727,0.2985965755271277,0.42304994820078917,5111186.33664846,14003.25023739304,1757.191039053118,3691.356053320613,-14.074074074074062,168.88888888888883,15.725515715128184,98.2772715698828,1216.1186573778084,5963.363435274829,0.01012054405789905,29.328939885975576,0.6035248237996313,1766813715.090937
121,2.7000000000000015,8.0,196701.0913216464,65820.91653834698,0.2985965755271277,0.5338754946333122,6455527.777396809,17686.377472320026,2126.420153956671,4638.868071606968,-4.675042543696643,225.18518518518508,16.448140823704236,80.05868661098275,1216.1186573778084,6130.487184967202,0.3113013595962054,18.082695781282652,19.08428995667404,1766813718.707256
122,2.7000000000000015,10.0,196701.0913216464,78398.44204230011,0.2985965755271277,0.6358921939263712,7451886.501368996,20416.12740101095,2474.3833056298,5506.903892049051,-4.675042543696643,281.48148148148135,17.14307268335137,68.976934156536,1216.1186573778084,6291.206231104111,0.5134062509653398,14.532116392488744,32.299446051609465,1766813722.3440554
123,2.7000000000000015,12.0,196701.0913216464,88105.26664942101,0.2985965755271277,0.7146245492472869,8124089.132190216,22257.778444356758,2756.38717544714,6175.904370922511,-4.675042543696643,337.7777777777776,17.817622251197015,62.899535525000815,1216.1186573778084,6447.211401411405,0.6296235298565379,13.076583647478401,40.59316000287966,1766813725.3012471
124,2.7000000000000015,14.0,196701.0913216464,91953.3246365235,0.2985965755271277,0.7458362668787959,8371364.133775072,22935.244202123486,2888.7378469015894,6440.388266991873,-4.675042543696643,394.0740740740739,18.47627527962466,61.69125929503721,1216.1186573778084,6599.540129752956,0.64251086521999,12.9335245323857,42.402762388216175,1766813728.9729903
125,2.7000000000000015,16.0,196701.0913216464,92437.05607055951,0.2985965755271277,0.7497598275369828,8422570.25416826,23075.53494292674,2931.098249257571,6472.178955273868,-4.675042543696643,450.3703703703701,19.122033088805054,62.75717981132263,1216.1186573778084,6748.886540751629,0.6110237226455759,13.288923459667728,41.237297778426836,1766813732.047168
126,2.8000000000000016,4.0,196701.0913216464,43149.61879837592,0.2985965755271277,0.3629504104645898,4004959.1750558335,10972.490890563928,1315.661236346783,3176.431005193642,-98.89342239456533,108.57142857142853,14.903370277646104,114.00147426315084,1234.8412935710953,5722.819303561146,-0.23164991667812873,801.6797975909861,-13.256906148339262,1766813735.7001948
127,2.8000000000000016,6.0,196701.0913216464,49788.20164914047,0.2985965755271277,0.4187904488632342,4859229.814766059,13312.958396619339,1697.492105977332,3655.2124083520703,-40.34783170412075,162.8571428571428,15.644531192229591,101.76021782423149,1234.8412935710953,5894.229886587663,-0.040137195360353484,33.06526800290676,-2.365778564568032,1766813739.1447535
128,2.8000000000000016,8.0,196701.0913216464,62900.876520279606,0.2985965755271277,0.5290869209828857,6174098.06835771,16915.337173582768,2046.5125016092695,4598.927616453479,-40.34783170412075,217.14285714285705,16.345313547366754,82.76147518769613,1234.8412935710953,6056.301994958707,0.25969575312133814,19.30783216746615,15.72795907711064,1766813742.6539018
129,2.8000000000000016,10.0,196701.0913216464,75374.42725080237,0.2985965755271277,0.6340074390238126,7170219.404287588,19644.436724075582,2388.5926431552753,5491.555977988147,-40.34783170412075,271.42857142857133,17.019063403573778,70.84241596792121,1234.8412935710953,6212.122213475463,0.46688578577565404,15.214147641178386,29.003515609728865,1766813746.3523898
130,2.8000000000000016,12.0,196701.0913216464,85577.0373854236,0.2985965755271277,0.7198260775029627,7879716.340051983,21588.2639453479,2679.0339433281974,6220.787891299822,-40.34783170412075,325.7142857142856,17.67291741810518,63.91537643597105,1234.8412935710953,6363.341058991677,0.5961194416935931,13.464297060444782,37.93311319392036,1766813749.6861804
131,2.8000000000000016,14.0,196701.0913216464,91462.57152319525,0.2985965755271277,0.7693318921681893,8245480.434327539,22590.357354322026,2877.410506798841,6640.7429464523775,-40.34783170412075,379.9999999999998,18.31125436567437,61.189903161544485,1234.8412935710953,6510.9712243137255,0.6393149844465748,12.968698849766268,41.62561467004225,1766813753.372096
132,2.8000000000000016,16.0,196701.0913216464,91981.245196267,0.2985965755271277,0.7736946844194538,8294533.582687971,22724.74954161088,2931.874365253265,6676.928761335743,-40.34783170412075,434.28571428571405,18.937003972901415,62.19725482560107,1234.8412935710953,6655.690276402002,0.6083148746482088,13.320445139733666,40.48755396186786,1766813756.8208735
133,2.9000000000000017,4.0,196701.0913216464,41982.42394944489,0.2985965755271277,0.36574450088136945,3890636.6933040074,10659.2786117918,1273.4334300516182,3200.5,-104.82758620689648,104.8275862068965,14.848905250673491,115.90766429521872,1252.27271347519,5661.11877202502,-0.2509684123801406,786.7247607168981,-14.207619905105304,1766813760.4815369
134,2.9000000000000017,6.0,196701.0913216464,47177.47178219793,0.2985965755271277,0.4110029685423398,4555820.064360058,12481.698806465913,1637.8468217044222,3588.784365349993,-38.475910521854736,157.24137931034474,15.568712382012015,106.17732581982351,1252.27271347519,5827.590799383233,-0.10568103034045012,40.216976372003515,-6.158658000813475,1766813764.0592065
135,2.9000000000000017,8.0,196701.0913216464,60287.19913941627,0.2985965755271277,0.5252129220869601,5915539.164860195,16206.956616055328,1976.2995465710924,4566.203223120099,-38.475910521854736,209.655172413793,16.249070145751414,85.33202194719097,1252.27271347519,5984.939249165862,0.2119705144575368,20.611693441501842,12.68630651642792,1766813767.3959565
136,2.9000000000000017,10.0,196701.0913216464,72502.12399299323,0.2985965755271277,0.631627492128336,6901519.190145198,18908.27175382246,2304.4160433428915,5471.923383523659,-38.475910521854736,262.0689655172413,16.903017760713727,72.74861682535412,1252.27271347519,6136.1797419439845,0.42153008736553,15.946934992554812,25.865843827122433,1766813770.8683357
137,2.9000000000000017,12.0,196701.0913216464,82487.36117996214,0.2985965755271277,0.718617361877825,7604285.85128854,20833.659866543945,2595.8127122096316,6210.775107084291,-38.475910521854736,314.4827586206894,17.53752772450416,65.47143363159032,1252.27271347519,6282.924828860195,0.5530938799025151,13.998605242039908,34.75047270730131,1766813774.2262557
138,2.9000000000000017,14.0,196701.0913216464,89998.43377090705,0.2985965755271277,0.7840526854591162,8068806.4978002645,22106.31917205552,2833.6823419211487,6766.031689776774,-38.475910521854736,366.8965517241377,18.156878055190624,61.375387083487425,1252.27271347519,6426.1639004190265,0.6227434652895499,13.154305477600069,40.01851575865555,1766813777.9682312
139,2.9000000000000017,16.0,196701.0913216464,90961.10839069204,0.2985965755271277,0.7924393605293412,8139249.323664069,22299.313215518,2927.4477371899584,6836.832108911185,-38.475910521854736,419.31034482758594,18.763931047852147,62.05253094789866,1252.27271347519,6566.558928479269,0.5979661746411588,13.442307426754144,39.26580123018495,1766813781.4728873
140,3.0000000000000018,4.0,196701.0913216464,40813.74973847186,0.2985965755271277,0.36782398827029456,3781208.2605790617,10359.474686517977,1231.104192546012,3218.5,-107.02392461683993,101.33333333333329,14.797778688487796,117.97247961597311,1268.5420387190115,5601.570513749757,-0.26976791547046486,725.8828966205527,-15.11124000855093,1766813784.2270167
141,3.0000000000000018,6.0,196701.0913216464,45820.576254154534,0.2985965755271277,0.41294679392713196,4423112.089661986,12118.115314142426,1581.6081682776849,3605.9139959964814,-36.72878408507313,151.99999999999994,15.497565400477438,108.11763672672694,1268.5420387190115,5763.412356642622,-0.1276952604865354,43.65241506405757,-7.3596044217279655,1766813787.3592286
142,3.0000000000000018,8.0,196701.0913216464,57516.24328331862,0.2985965755271277,0.5183511471099375,5645881.263481701,15468.167845155345,1908.5186676623962,4507.909550370483,-49.39545075173979,202.66666666666657,16.158779730612107,88.41776412923775,1268.5420387190115,5916.333445172453,0.15952430053650768,22.28541111074972,9.437989545818823,1766813790.9102614
143,3.0000000000000018,10.0,196701.0913216464,69122.56787141503,0.2985965755271277,0.6229503232823997,6601274.042513314,18085.682308255655,2220.6508247126967,5398.763931768432,-49.39545075173979,253.3333333333332,16.794171313961257,75.39895592193879,1268.5420387190115,6063.282426977876,0.366194969424863,16.948278324773977,22.203435229614726,1766813794.402699
144,3.0000000000000018,12.0,196701.0913216464,80147.59406809248,0.2985965755271277,0.7223106891500769,7379000.962820181,20216.440994027893,2516.352030633772,6242.494476342919,-49.39545075173979,303.9999999999999,17.410557716229423,66.55599855071678,1268.5420387190115,6205.836021620384,0.5204002899031367,14.435044848558134,32.29518864742576,1766813798.0624888
145,3.0000000000000018,14.0,196701.0913216464,88140.701120765,0.2985965755271277,0.7943466214921149,7873779.137702305,21571.99763754056,2766.974162140995,6853.940182647503,-49.39545075173979,354.6666666666665,18.012121860301473,61.877092204648584,1268.5420387190115,6344.961626646635,0.6001950490891402,13.415866367314145,38.08214554973888,1766813801.5987136
146,3.0000000000000018,16.0,196701.0913216464,89657.59412021554,0.2985965755271277,0.8080172505426784,7972357.266124187,21842.074701710102,2921.867067172542,6969.5513273404795,-49.39545075173979,405.33333333333314,18.601662397488802,62.137371225712606,1268.5420387190115,6481.306494823925,0.5834455350613067,13.617244164929204,37.814893357688675,1766813805.007314
