,lat,alt,azi,rO,eta_cos,eta_blk,eta_att,eta_hbi,eta_tdi,eta_tdr,eta_BDR,eta_SF,Qmax_BDR,Qmax,eta_rcv,Prcv_abs
0,-25,10,0,1.318094758,0.733428139,0.993082136,0.973857162,0.979157782,0.905808181,0.968192006,0.818184377,0.546916528,2947.724864,2.524231798,0.828946046,18.91380651
1,-25,10,5,1.318094758,0.73280196,0.993067282,0.973857099,0.979148643,0.90516739,0.968208629,0.817638761,0.545283124,2905.049772,2.549935554,0.827732644,18.8861207
2,-25,10,10,1.318094758,0.732131527,0.993407427,0.973857467,0.979334846,0.904644607,0.967985336,0.817105317,0.545050303,3007.478184,2.723069554,0.8262393,18.85204753
3,-25,10,15,1.318094758,0.730315618,0.993429898,0.97385721,0.97932866,0.903164858,0.967985713,0.81572768,0.543197451,2924.468668,2.663384488,0.83512313,19.05474716
4,-25,10,20,1.318094758,0.728113136,0.993479655,0.973857368,0.979198288,0.9026085,0.967888764,0.81502604,0.541759815,2928.441804,2.372216185,0.828065608,18.89371783
5,-25,10,25,1.318094758,0.72505408,0.993200177,0.97385742,0.978706015,0.901717798,0.967950093,0.813896296,0.538808587,2962.132944,2.40279882,0.833871572,19.02619074
6,-25,10,30,1.318094758,0.721502827,0.993440601,0.973857501,0.978995642,0.900871659,0.967824206,0.813199235,0.536886241,2998.885779,2.588280567,0.834928805,19.05031329
7,-25,10,45,1.318094758,0.707948941,0.993727121,0.97385704,0.978341122,0.898888209,0.967912764,0.811009809,0.528012059,3050.747784,2.460121382,0.836357004,19.08290006
8,-25,10,60,1.318094758,0.690171845,0.993244598,0.973857228,0.977639312,0.897292178,0.967781026,0.808969024,0.516263246,2842.192355,2.476752889,0.836423572,19.08441893
9,-25,10,75,1.318094758,0.66992776,0.993745805,0.973857591,0.977066697,0.895172188,0.968074391,0.80697281,0.504658865,2917.493179,2.558893968,0.837484245,19.10861999
10,-25,10,90,1.318094758,0.648658754,0.993664767,0.973857561,0.976513353,0.892552817,0.967868579,0.804261632,0.492531214,2821.535784,2.551313793,0.841168987,19.19269359
11,-25,10,105,1.318094758,0.627581813,0.993843557,0.973858246,0.975277819,0.888612318,0.967801132,0.799932842,0.478588106,2890.643258,2.592908108,0.846627088,19.31722942
12,-25,10,120,1.318094758,0.608109159,0.993570326,0.973858103,0.974595059,0.884847329,0.967522607,0.796038689,0.465209535,2925.346466,2.803945804,0.83402402,19.02966909
13,-25,20,0,1.318094758,0.757024104,0.99134472,0.973849094,0.980227629,0.913012001,0.968010189,0.825567924,0.557448707,2984.591195,2.488330412,0.831411211,18.97005343
14,-25,20,5,1.318094758,0.756591762,0.991403282,0.973849283,0.980252554,0.913054349,0.967888019,0.825485837,0.556577789,2971.960573,2.49743594,0.829747591,18.93209513
15,-25,20,10,1.318094758,0.755282934,0.991377507,0.973849013,0.980381347,0.913140304,0.967875925,0.825601511,0.554337684,3184.299955,2.563038792,0.827812618,18.88794545
16,-25,20,15,1.318094758,0.753840107,0.991268205,0.973849136,0.980244764,0.912250238,0.967903509,0.82471279,0.552341686,3186.589607,2.462342692,0.832640152,18.99809381
17,-25,20,20,1.318094758,0.751772983,0.991574754,0.973849104,0.98063683,0.912008572,0.967749884,0.824708418,0.551347127,3109.394199,2.481394148,0.834176702,19.03315279
18,-25,20,25,1.318094758,0.749127938,0.991492836,0.973849159,0.980239002,0.911144506,0.967737209,0.823618276,0.549349127,3163.904489,2.452002149,0.834998893,19.05191246
19,-25,20,30,1.318094758,0.746188858,0.991373824,0.973849091,0.980160758,0.911149413,0.96774293,0.823499914,0.547226653,3048.231601,2.447662039,0.834993823,19.05179679
20,-25,20,45,1.318094758,0.733608369,0.99163893,0.973848761,0.980042618,0.908239742,0.967752478,0.820750151,0.538574093,3063.868274,2.364634189,0.83426467,19.03515994
21,-25,20,60,1.318094758,0.718190106,0.991808675,0.973848668,0.979839292,0.905510429,0.967606266,0.818004875,0.527710595,3038.248532,2.465023605,0.843128555,19.23740447
22,-25,20,75,1.318094758,0.69974259,0.992082731,0.973848585,0.978711726,0.901436619,0.967511719,0.813468628,0.514558925,3288.721403,2.601610443,0.837461677,19.10810504
23,-25,20,90,1.318094758,0.680082781,0.992107079,0.973848572,0.978469733,0.898304722,0.96733155,0.810462943,0.500652474,3276.776288,2.511502933,0.836721114,19.09120786
24,-25,20,105,1.318094758,0.661437523,0.992537492,0.973848706,0.977180219,0.895650839,0.967323833,0.807274215,0.487665749,3092.525376,2.615530916,0.840729818,19.18267323
25,-25,20,120,1.318094758,0.643718152,0.992660188,0.973848166,0.976927149,0.893388931,0.967338216,0.805250415,0.476698471,3093.482746,2.635863123,0.840921891,19.18705568
26,-25,30,0,1.318094758,0.778705738,0.992756252,0.973846091,0.980495487,0.918204315,0.967679034,0.830247094,0.579013863,3270.888097,2.401610748,0.826763998,18.86401941
27,-25,30,5,1.318094758,0.778407712,0.992725178,0.973845866,0.980797979,0.918159096,0.96766046,0.83039691,0.578601289,3388.73663,2.435822915,0.832267709,18.98959589
28,-25,30,10,1.318094758,0.777625009,0.992813397,0.973846018,0.980454847,0.917533178,0.967685661,0.829599929,0.57695042,3296.139655,2.67283252,0.838595158,19.13396733
29,-25,30,15,1.318094758,0.776266107,0.992832931,0.973846013,0.98047477,0.91797102,0.967766365,0.830107929,0.575887716,3248.871674,2.595538237,0.83892974,19.14160138
30,-25,30,20,1.318094758,0.774577435,0.992895556,0.973846013,0.980681151,0.917462647,0.967730629,0.829690628,0.574917005,3312.414018,2.37582213,0.830128754,18.94079202
31,-25,30,25,1.318094758,0.772321258,0.992764256,0.973845888,0.980602762,0.91708492,0.967611462,0.829209959,0.57347341,3094.566183,2.450057896,0.838118288,19.12308675
32,-25,30,30,1.318094758,0.769295921,0.992766845,0.973845838,0.980475604,0.916736877,0.96771115,0.828908342,0.572207436,3337.295121,2.388420267,0.834183164,19.03330024
33,-25,30,45,1.318094758,0.758734936,0.992843562,0.973845696,0.98028336,0.913796089,0.967619863,0.826026666,0.565641697,3123.450309,2.524277048,0.834257648,19.03499972
34,-25,30,60,1.318094758,0.745110771,0.992952386,0.973845862,0.979969449,0.911232206,0.967438598,0.82327948,0.558964016,3251.035579,2.456534318,0.835778825,19.06970794
35,-25,30,75,1.318094758,0.729100368,0.993016875,0.973845593,0.979537717,0.908427134,0.967108723,0.820231793,0.548482833,3507.353416,2.41767628,0.838584333,19.13372036
36,-25,30,90,1.318094758,0.711932964,0.993281666,0.973845729,0.979100757,0.906533331,0.967051225,0.818216739,0.533832475,3399.787068,2.623263058,0.837268814,19.10370457
37,-25,30,105,1.318094758,0.695462789,0.993178123,0.973845813,0.978219443,0.903732641,0.967075806,0.815170644,0.51548486,3495.007166,2.53819909,0.844010303,19.25752303
38,-25,30,120,1.318094758,0.680149913,0.993330351,0.973845886,0.977636455,0.903211631,0.9671006,0.81436399,0.501434092,3403.663763,2.498345233,0.84013191,19.16903094
39,-25,40,0,1.318094758,0.794595686,0.99369788,0.97384575,0.980665205,0.922660607,0.967453804,0.834275421,0.601092344,3506.646522,2.431159866,0.827334477,18.87703585
40,-25,40,5,1.318094758,0.794456074,0.993825732,0.973845634,0.980704328,0.922399597,0.967400767,0.834059165,0.600912766,3452.480672,2.48155701,0.831123075,18.96347912
41,-25,40,10,1.318094758,0.793822799,0.993842539,0.973845622,0.980588453,0.922752697,0.967454383,0.8343181,0.600106279,3359.107995,2.424716784,0.830643084,18.95252732
42,-25,40,15,1.318094758,0.792738748,0.993827203,0.973845749,0.980513027,0.921897077,0.967534883,0.833528189,0.598733568,3473.599874,2.581815352,0.835959358,19.0738271
43,-25,40,20,1.318094758,0.791132468,0.993794648,0.973845673,0.980404169,0.922406619,0.96747628,0.833835169,0.598296615,3408.732026,2.503133869,0.830920704,18.95886168
44,-25,40,25,1.318094758,0.789181375,0.993852393,0.973845585,0.980490206,0.921287116,0.967425244,0.832925266,0.59708694,3321.421387,2.654047439,0.831266071,18.96674181
45,-25,40,30,1.318094758,0.787100578,0.993894336,0.973845578,0.980546803,0.921725208,0.967320113,0.833210044,0.596709368,3458.79271,2.602433209,0.833198938,19.01084344
46,-25,40,45,1.318094758,0.777882393,0.993536413,0.97384566,0.980286157,0.919638861,0.96734821,0.831134922,0.59048371,3514.005816,2.34259537,0.83802756,19.12101663
47,-25,40,60,1.318094758,0.76616506,0.993540178,0.973845462,0.980159228,0.917739393,0.967287256,0.829277361,0.584606339,3632.384993,2.518337099,0.842350112,19.21964297
48,-25,40,75,1.318094758,0.752558088,0.993471377,0.973845492,0.979876336,0.916650143,0.967072546,0.827850855,0.575917165,3592.081259,2.495679935,0.839573288,19.15628503
49,-25,40,90,1.318094758,0.738235092,0.993480883,0.973845469,0.979306521,0.914131213,0.96724534,0.825323488,0.562412462,3764.747036,2.546775977,0.841601897,19.20257118
50,-25,40,105,1.318094758,0.723914411,0.993454966,0.973845603,0.978894773,0.913254626,0.966960436,0.82405315,0.546036812,4013.348182,2.516186402,0.84301032,19.23470673
51,-25,40,120,1.318094758,0.710844899,0.993469667,0.973845516,0.978060873,0.911533873,0.96687788,0.821917054,0.531153221,3651.311968,2.485786916,0.843673396,19.24983594
52,-25,50,0,1.318094758,0.804090811,0.99330173,0.97384584,0.980557088,0.926877783,0.967251006,0.837874659,0.615903667,3512.456652,2.444444099,0.831567491,18.97361923
53,-25,50,5,1.318094758,0.803898155,0.993229574,0.973845804,0.98052102,0.926493927,0.967133861,0.837447114,0.615228412,3785.136054,2.425047898,0.832259538,18.98940946
54,-25,50,10,1.318094758,0.803250201,0.993321275,0.97384578,0.980412058,0.926302544,0.967257685,0.837199458,0.614327492,3689.060955,2.508166964,0.832455935,18.99389057
55,-25,50,15,1.318094758,0.802487163,0.993234672,0.973845812,0.980524872,0.9267321,0.967214819,0.837653337,0.614324258,3587.06056,2.613332944,0.837229645,19.10281085
56,-25,50,20,1.318094758,0.801290927,0.99329992,0.973845779,0.980532034,0.926016304,0.967161659,0.837019767,0.613614107,3815.812137,2.504061402,0.832103044,18.98583878
57,-25,50,25,1.318094758,0.799475431,0.992941168,0.973845697,0.980455013,0.925734247,0.967173997,0.836649543,0.611897191,3656.896544,2.434535015,0.833496326,19.01762886
58,-25,50,30,1.318094758,0.797638229,0.993077345,0.973845878,0.980448908,0.925645556,0.967213621,0.836640199,0.611015042,3614.155636,2.553334938,0.83707954,19.09938595
59,-25,50,45,1.318094758,0.79031858,0.993030324,0.973845949,0.98019542,0.924910108,0.967106966,0.835553948,0.606358917,3750.51666,2.437441884,0.838466738,19.13103722
60,-25,50,60,1.318094758,0.7806335,0.992761477,0.973845875,0.980061009,0.923310511,0.967107803,0.834096917,0.599266139,3775.68058,2.414702139,0.842626068,19.22593936
61,-25,50,75,1.318094758,0.769779347,0.992662092,0.973845704,0.979616435,0.921603289,0.967073885,0.832181008,0.591143419,3953.88758,2.477850273,0.842453731,19.2220072
62,-25,50,90,1.318094758,0.758229734,0.992676661,0.973845824,0.979376849,0.920998163,0.967039717,0.831403298,0.5831915,3883.699647,2.491615504,0.84159546,19.2024243
63,-25,50,105,1.318094758,0.746695238,0.992752833,0.973845718,0.979071781,0.918789601,0.96701532,0.829206518,0.569058652,4186.635473,2.653998578,0.83544796,19.06215869
64,-25,50,120,1.318094758,0.735947342,0.992427741,0.973845691,0.978646791,0.918591052,0.966730707,0.828547202,0.556284773,3964.878851,2.514616145,0.839975082,19.16545264
65,-25,60,0,1.318094758,0.808432905,0.991705006,0.97384576,0.980474401,0.929255755,0.967009825,0.839781447,0.621791968,3955.140662,2.507703524,0.835317726,19.05918719
66,-25,60,5,1.318094758,0.808187839,0.991816131,0.973845722,0.980534736,0.929544872,0.967136162,0.840099086,0.621977451,3833.370777,2.564861092,0.83769408,19.11340772
67,-25,60,10,1.318094758,0.807740647,0.991760252,0.973845847,0.980337667,0.929987699,0.967016947,0.840270545,0.621727953,3782.55157,2.460722517,0.836000099,19.07475669
68,-25,60,15,1.318094758,0.807128776,0.991803143,0.973845596,0.980765401,0.929149489,0.967050366,0.83988733,0.621158508,3845.856728,2.451128903,0.838842433,19.13960933
69,-25,60,20,1.318094758,0.806300372,0.991666302,0.973845733,0.98047404,0.929282644,0.966964431,0.83970453,0.620443926,3925.715406,2.491107552,0.83666569,19.08994325
70,-25,60,25,1.318094758,0.80492739,0.991711714,0.973845712,0.980277083,0.928749572,0.966873142,0.839024602,0.619070017,3892.593589,2.426484725,0.832239832,18.98895983
71,-25,60,30,1.318094758,0.803371594,0.991431393,0.973845723,0.98053405,0.928588611,0.96691615,0.839061473,0.617901535,3816.185315,2.450969104,0.836687417,19.090439
72,-25,60,45,1.318094758,0.797898559,0.991320912,0.97384588,0.980183083,0.927956804,0.96694206,0.838311158,0.613874614,3881.176247,2.475556958,0.840944404,19.18756935
73,-25,60,60,1.318094758,0.790765495,0.991246102,0.973845818,0.980280926,0.927138062,0.966895252,0.837588805,0.608877285,4012.806442,2.599250769,0.841590837,19.20231883
74,-25,60,75,1.318094758,0.782292424,0.990772617,0.973845668,0.979972243,0.92665216,0.966864573,0.8368352,0.602694221,4117.122014,2.533690676,0.838335647,19.12804616
75,-25,60,90,1.318094758,0.773476958,0.990700811,0.973845943,0.979598848,0.92597168,0.966885375,0.835883755,0.596405212,4009.878666,2.562081514,0.83347086,19.0170478
76,-25,60,105,1.318094758,0.764768575,0.990622699,0.973845623,0.979319059,0.92458192,0.966837915,0.834473083,0.586419951,4174.613567,2.49374847,0.83353253,19.01845491
77,-25,60,120,1.318094758,0.756603763,0.990440051,0.973845415,0.979098825,0.924067452,0.96671715,0.833754242,0.576496499,4182.125478,2.603319314,0.836836612,19.09384313
78,-25,70,0,1.318094758,0.810320764,0.992402425,0.973845466,0.980503565,0.93046174,0.966795471,0.840683357,0.625537993,4048.710017,2.526044673,0.834671223,19.04443612
79,-25,70,5,1.318094758,0.810040323,0.992252432,0.973845596,0.980417447,0.930585584,0.966832608,0.840762933,0.625307053,4034.336895,2.444380582,0.837163711,19.10130645
80,-25,70,10,1.318094758,0.809740376,0.992275348,0.973845573,0.980385037,0.931248605,0.966837805,0.841304775,0.625520529,4099.811271,2.50810281,0.836452535,19.08507977
81,-25,70,15,1.318094758,0.809169223,0.992065434,0.97384571,0.980317464,0.930222093,0.966721673,0.84026192,0.624269471,4257.142606,2.540365703,0.840045957,19.16706977
82,-25,70,20,1.318094758,0.808664299,0.992227405,0.973845582,0.980365564,0.930762551,0.96679928,0.840843212,0.62446985,4119.004093,2.664474391,0.838980108,19.14275062
83,-25,70,25,1.318094758,0.807728021,0.991930167,0.973845587,0.980462894,0.93071006,0.966898164,0.84095936,0.623737004,4150.292277,2.528501398,0.835187595,19.05621803
84,-25,70,30,1.318094758,0.806898885,0.992112519,0.973845476,0.98019258,0.9306409,0.966838545,0.840618108,0.623088222,4106.105802,2.442316089,0.838105743,19.12280051
85,-25,70,45,1.318094758,0.803083637,0.992005326,0.973845567,0.98016646,0.930032578,0.966872371,0.840042885,0.620202119,4131.68639,2.543335459,0.84311268,19.23704226
86,-25,70,60,1.318094758,0.798388114,0.991852486,0.973845604,0.980104275,0.929463016,0.966715214,0.839372811,0.616682948,4140.058446,2.495451692,0.840959451,19.18791269
87,-25,70,75,1.318094758,0.792709416,0.991608021,0.973845391,0.979980283,0.928660494,0.966735293,0.838564148,0.612291834,4344.529262,2.57817954,0.833138139,19.00945621
88,-25,70,90,1.318094758,0.786957527,0.991713976,0.973845422,0.979686107,0.928996756,0.966675241,0.83855755,0.608701286,4080.588108,2.536688444,0.830760312,18.95520207
89,-25,70,105,1.318094758,0.78075823,0.991737941,0.973845453,0.979351836,0.928151234,0.966745343,0.837608147,0.602423683,4293.480426,2.490813585,0.836728255,19.09137078
90,-25,70,120,1.318094758,0.775220558,0.991353617,0.973845529,0.979460706,0.927763761,0.966756548,0.837350218,0.595516132,4323.540974,2.555893728,0.833227274,19.01148999
91,-25,80,0,1.318094758,0.809192955,0.994702376,0.973845445,0.980300449,0.931144302,0.9666866,0.840983142,0.625468237,4053.17115,2.591070581,0.839831553,19.16217778
92,-25,80,5,1.318094758,0.809229273,0.994788747,0.973845574,0.980158903,0.931453678,0.96668842,0.841199778,0.626058966,4313.857264,2.487499516,0.839640487,19.15781828
93,-25,80,10,1.318094758,0.808944574,0.994627492,0.973845587,0.980152365,0.931711368,0.966696971,0.841385887,0.625708809,4425.15771,2.612630241,0.834541328,19.04147234
94,-25,80,15,1.318094758,0.808673055,0.994502689,0.973845586,0.98021358,0.931616292,0.966585923,0.841288016,0.625696243,4176.153573,2.516397331,0.837181509,19.10171254
95,-25,80,20,1.318094758,0.808393862,0.99455354,0.973845627,0.979998014,0.930976929,0.966669156,0.840636033,0.625253874,4141.709904,2.520489314,0.83896403,19.14238377
96,-25,80,25,1.318094758,0.807916751,0.994728999,0.973845379,0.980454938,0.931017165,0.966630631,0.841011871,0.625144898,4278.527288,2.539773209,0.840913273,19.18685906
97,-25,80,30,1.318094758,0.807436995,0.994575648,0.973845473,0.980227426,0.931161218,0.966859549,0.841053547,0.625109021,4014.318049,2.471663366,0.834726832,19.04570493
98,-25,80,45,1.318094758,0.805585427,0.994558112,0.973845531,0.979970825,0.930768049,0.966571827,0.840365532,0.623951615,4485.605212,2.461086091,0.833297899,19.0131014
99,-25,80,60,1.318094758,0.803172206,0.994611274,0.973845503,0.980055465,0.930725646,0.966644973,0.84044514,0.623155444,4278.470211,2.53880608,0.838420866,19.12999057
100,-25,80,75,1.318094758,0.800640019,0.994690813,0.973845516,0.980036113,0.930558185,0.966760868,0.840342488,0.621719717,4292.606981,2.661178675,0.836540102,19.08707775
101,-25,80,90,1.318094758,0.797477495,0.994596303,0.973845524,0.97997902,0.930841194,0.966578432,0.840384403,0.619628202,4188.105063,2.47587619,0.836801918,19.09305154
102,-25,80,105,1.318094758,0.794497511,0.994680058,0.97384548,0.979802381,0.930190024,0.966585407,0.839693775,0.616551008,4283.6295,2.438498765,0.832189171,18.9878039
103,-25,80,120,1.318094758,0.791664217,0.99459888,0.973845366,0.979773202,0.929776487,0.96663974,0.839343343,0.612236947,4301.6061,2.485973653,0.836408367,19.08407201
104,-25,90,0,1.318094758,0.802312297,0.996436274,0.973845591,0.98001009,0.931497075,0.966529085,0.840947322,0.619877029,4124.343845,2.541907637,0.836768944,19.09229917
105,-25,90,5,1.318094758,0.80249489,0.996273139,0.9738455,0.9802804,0.930684968,0.966660726,0.840578326,0.620009872,4344.871782,2.506668092,0.835450949,19.06222688
106,-25,90,10,1.318094758,0.802507208,0.996443095,0.973845692,0.979977949,0.931525189,0.966699123,0.841075996,0.620476538,4175.058759,2.467688778,0.838184252,19.12459182
107,-25,90,15,1.318094758,0.802374862,0.996424996,0.973845584,0.979710017,0.930897934,0.966584357,0.840238895,0.61977436,4224.74843,2.532636094,0.836716994,19.09111385
108,-25,90,20,1.318094758,0.802358923,0.996354717,0.973845583,0.979684091,0.930964833,0.966613543,0.840331613,0.619963969,4311.47082,2.59561578,0.840889669,19.18632048
109,-25,90,25,1.318094758,0.802384511,0.996512057,0.973845533,0.980120954,0.9309126,0.966754119,0.840687394,0.620852311,4230.483051,2.494062343,0.837074413,19.09926896
110,-25,90,30,1.318094758,0.802606829,0.996540995,0.973845674,0.979865873,0.930981249,0.966595469,0.840451703,0.620881767,4677.736708,2.535120218,0.832010882,18.98373595
111,-25,90,45,1.318094758,0.802366281,0.996435711,0.973845665,0.979895803,0.931459538,0.966562035,0.840871431,0.622340394,4230.816377,2.581010775,0.838336612,19.12806817
112,-25,90,60,1.318094758,0.802590321,0.996497861,0.973845624,0.98003864,0.931398688,0.966623573,0.840985424,0.623899236,4300.850666,2.54311266,0.836415002,19.08422338
113,-25,90,75,1.318094758,0.802432952,0.996518466,0.973845593,0.979747564,0.930786996,0.966624241,0.840234126,0.624310425,4012.954777,2.718660625,0.836989791,19.09733819
114,-25,90,90,1.318094758,0.802436627,0.996511664,0.973845575,0.979943138,0.930770842,0.966574572,0.840333744,0.624553642,4152.165116,2.60795183,0.834562196,19.04194849
115,-25,90,105,1.318094758,0.802355374,0.996439134,0.973845489,0.979958592,0.93131945,0.966641473,0.840881599,0.624657258,4471.429234,2.460667655,0.840429392,19.17581849
116,-25,90,120,1.318094758,0.802557406,0.996336329,0.97384553,0.979908348,0.931045091,0.966547455,0.840537085,0.623449275,4209.460461,2.572774763,0.832576716,18.99664639
0,-30,10,0,1.318094758,0.747865501,0.992775119,0.973351367,0.979877878,0.901469504,0.967690306,0.814938104,0.552414661,3048.089712,2.531174097,0.838021967,19.21861126
1,-30,10,5,1.318094758,0.74729318,0.992794579,0.973351156,0.979774694,0.90080729,0.967777439,0.814362787,0.551039969,2935.98575,2.39247313,0.829541338,19.02412243
2,-30,10,10,1.318094758,0.746547468,0.993109404,0.973351219,0.979918928,0.90006188,0.967451446,0.813547716,0.550504719,3159.508579,2.360186175,0.836158786,19.17588238
3,-30,10,15,1.318094758,0.744551151,0.993147145,0.973350915,0.979905149,0.898549832,0.967530736,0.812129294,0.54842368,2950.433541,2.439063774,0.828478024,18.99973712
4,-30,10,20,1.318094758,0.742053219,0.993214662,0.973350991,0.979704908,0.898037481,0.967404694,0.81139972,0.546826707,3059.482841,2.401541846,0.826414139,18.95240544
5,-30,10,25,1.318094758,0.738585529,0.992997154,0.973351013,0.979943082,0.897111619,0.967510162,0.810794993,0.544167375,3076.734667,2.581645844,0.834071311,19.12800968
6,-30,10,30,1.318094758,0.734520013,0.993185757,0.973351321,0.979815397,0.89586649,0.967353009,0.809469582,0.54119963,2984.917424,2.406616717,0.83188494,19.07786898
7,-30,10,45,1.318094758,0.718759567,0.99348353,0.97335084,0.979379618,0.893156012,0.967345074,0.806610827,0.530683715,2877.168772,2.617425849,0.840367763,19.27240812
8,-30,10,60,1.318094758,0.697907222,0.993196747,0.973351039,0.978814146,0.890980449,0.967353026,0.804176476,0.516266442,3115.88243,2.526647721,0.83304645,19.10450623
9,-30,10,75,1.318094758,0.674058142,0.993556314,0.973351368,0.977712246,0.888380074,0.967617544,0.801192725,0.501786817,2892.322531,2.580008396,0.843001745,19.33281403
10,-30,10,90,1.318094758,0.649073418,0.993748856,0.973351539,0.977352723,0.88474501,0.967489135,0.797768801,0.487758415,3012.895492,2.609641017,0.843355514,19.34092711
11,-30,10,105,1.318094758,0.624401949,0.993888428,0.973352197,0.976509121,0.880082201,0.967404154,0.793053823,0.471966416,2831.519586,2.630509028,0.839565891,19.25401854
12,-30,10,120,1.318094758,0.601496471,0.993612808,0.973352024,0.975976282,0.876454369,0.96712973,0.789321607,0.456363022,3033.686642,2.683735454,0.84173868,19.30384777
13,-30,20,0,1.318094758,0.769659196,0.990910991,0.973343219,0.980712657,0.907580892,0.967525235,0.821091212,0.562112121,3107.984339,2.709296281,0.828643345,19.00352849
14,-30,20,5,1.318094758,0.769281424,0.991010186,0.973343447,0.980770342,0.907738081,0.967394452,0.821177729,0.561053395,2963.72436,2.480012032,0.836320732,19.17959634
15,-30,20,10,1.318094758,0.767925299,0.990993112,0.973343193,0.980806485,0.907537336,0.967355399,0.820930731,0.558418361,3132.694645,2.381059509,0.833594319,19.11707067
16,-30,20,15,1.318094758,0.766320551,0.991001245,0.973343155,0.980726594,0.906959935,0.967394882,0.820401044,0.556948177,3122.55529,2.457801973,0.833456497,19.11390997
17,-30,20,20,1.318094758,0.763989855,0.991173352,0.973343194,0.98095858,0.906586206,0.967379908,0.820239473,0.554973838,3168.840167,2.488892779,0.831859138,19.07727724
18,-30,20,25,1.318094758,0.760980108,0.991108691,0.973343329,0.980893977,0.905693429,0.967266047,0.81923696,0.553105415,3158.162046,2.477096887,0.832620173,19.09473029
19,-30,20,30,1.318094758,0.757571156,0.990951036,0.973343214,0.980672099,0.905655397,0.96722546,0.818979738,0.549935494,3111.420454,2.376104029,0.837277365,19.20153509
20,-30,20,45,1.318094758,0.74302134,0.991346143,0.973342953,0.980633043,0.902233323,0.967320466,0.815838483,0.540149442,3113.040568,2.394646712,0.833988071,19.1261007
21,-30,20,60,1.318094758,0.724892873,0.991715417,0.973342778,0.980238238,0.898814548,0.967234468,0.812308274,0.527645577,3102.381154,2.574552627,0.840971967,19.2862645
22,-30,20,75,1.318094758,0.703261574,0.992133251,0.973342691,0.979480197,0.893988528,0.967060321,0.807280911,0.51218183,3196.720814,2.685794247,0.838716465,19.2345384
23,-30,20,90,1.318094758,0.680234089,0.992352166,0.973342627,0.979260521,0.890506326,0.96684417,0.803838046,0.49602725,3180.027662,2.50128575,0.836722501,19.18881021
24,-30,20,105,1.318094758,0.658255567,0.992781571,0.973342826,0.978079725,0.887642981,0.966804465,0.800513483,0.480709971,3115.557838,2.8630682,0.836820365,19.19105456
25,-30,20,120,1.318094758,0.637352121,0.992836327,0.973342237,0.977638186,0.885335036,0.966849884,0.798326024,0.467639723,3124.7223,2.675180354,0.843466975,19.34348328
26,-30,30,0,1.318094758,0.789413656,0.992387832,0.973340209,0.98099903,0.912168779,0.967159894,0.82517046,0.583481073,3308.243569,2.668874136,0.830083418,19.03655411
27,-30,30,5,1.318094758,0.789167186,0.992291394,0.973340042,0.981159446,0.912245726,0.967169013,0.825387097,0.583393729,3319.795041,2.375454304,0.830922679,19.05580114
28,-30,30,10,1.318094758,0.788343307,0.992446728,0.973340189,0.980920432,0.911597822,0.967148443,0.824666616,0.581576422,3228.862621,2.408091148,0.831260308,19.06354409
29,-30,30,15,1.318094758,0.786849924,0.99247734,0.9733403,0.980831712,0.912148553,0.967357288,0.825199611,0.580140154,3182.598562,2.405544829,0.836558463,19.18504829
30,-30,30,20,1.318094758,0.78493062,0.992535914,0.973340195,0.980883719,0.911617265,0.967215453,0.824605171,0.579248935,3211.550653,2.453249926,0.834455024,19.13680948
31,-30,30,25,1.318094758,0.78235633,0.992514071,0.973340066,0.980918354,0.911222718,0.967200831,0.824241971,0.577413914,3342.716011,2.311935318,0.834985048,19.14896469
32,-30,30,30,1.318094758,0.778927833,0.992393628,0.973340071,0.980720771,0.910401285,0.967251652,0.823449828,0.575809803,3410.241976,2.414078413,0.839662437,19.25623266
33,-30,30,45,1.318094758,0.766656149,0.992627711,0.973339922,0.980765474,0.907198681,0.967076048,0.82042025,0.568740753,3257.814522,2.407129124,0.831236223,19.06299174
34,-30,30,60,1.318094758,0.75069763,0.992863577,0.973340086,0.980278815,0.904392608,0.966950827,0.817314553,0.559092716,3400.610955,2.42673525,0.837264955,19.20125048
35,-30,30,75,1.318094758,0.731928856,0.993030457,0.973339805,0.980229273,0.90131058,0.966754142,0.814293053,0.54543871,3512.626808,2.528357967,0.833231295,19.10874534
36,-30,30,90,1.318094758,0.711793144,0.993400512,0.973339855,0.979598003,0.8983789,0.966500216,0.811106919,0.52720622,3554.77894,2.606540623,0.842138167,19.31300933
37,-30,30,105,1.318094758,0.692346512,0.993435429,0.973339884,0.979140654,0.895848793,0.966572243,0.808567834,0.507292729,3590.0684,2.561435201,0.843089199,19.33481963
38,-30,30,120,1.318094758,0.674193093,0.993499937,0.973340007,0.978482962,0.894829177,0.966553848,0.807255476,0.491514032,3502.306092,2.661454676,0.844144434,19.35901965
39,-30,40,0,1.318094758,0.803301498,0.993433756,0.97333995,0.980836618,0.916114129,0.96700791,0.828574628,0.604103568,3502.622423,2.37776852,0.828489196,18.99999334
40,-30,40,5,1.318094758,0.80320855,0.99354798,0.97333979,0.980846011,0.91588902,0.96696744,0.828355128,0.603971858,3368.930707,2.489880247,0.827254539,18.97167858
41,-30,40,10,1.318094758,0.802542611,0.993524953,0.973339774,0.98096358,0.916432583,0.966861315,0.828840657,0.603288439,3588.740334,2.493265274,0.834545935,19.13889437
42,-30,40,15,1.318094758,0.801345836,0.993606308,0.973339847,0.981061553,0.915317807,0.967100206,0.828084713,0.601885466,3540.369579,2.422903223,0.835901278,19.16997686
43,-30,40,20,1.318094758,0.799549902,0.993528596,0.973339837,0.980832292,0.915623175,0.966977468,0.828084088,0.601088681,3498.34445,2.41066301,0.830751899,19.05188461
44,-30,40,25,1.318094758,0.797332413,0.993555783,0.973339696,0.980810912,0.914852274,0.966836113,0.827256577,0.599721017,3407.583609,2.729805131,0.828648877,19.00365536
45,-30,40,30,1.318094758,0.794911242,0.993617155,0.97333977,0.980881298,0.915158442,0.967057089,0.827686399,0.59848664,3492.520243,2.468229731,0.829276459,19.01804789
46,-30,40,45,1.318094758,0.784258683,0.993341625,0.973339802,0.980850395,0.912704049,0.966796215,0.825210806,0.591826212,3702.804824,2.620164691,0.838766795,19.23569264
47,-30,40,60,1.318094758,0.770580856,0.99333464,0.973339582,0.980631453,0.910413939,0.966843808,0.822978455,0.58286035,3750.431064,2.480368622,0.836670065,19.18760769
48,-30,40,75,1.318094758,0.754646403,0.993341503,0.973339657,0.980268384,0.90893757,0.966626786,0.821199849,0.572279979,3863.216864,2.369557104,0.835027834,19.14994591
49,-30,40,90,1.318094758,0.737793638,0.993551332,0.973339596,0.979987779,0.906649005,0.966694802,0.818877442,0.555929208,3737.148661,2.48271024,0.845052254,19.37983895
50,-30,40,105,1.318094758,0.720912242,0.993469229,0.973339736,0.979240832,0.904868295,0.966568314,0.816771762,0.537062815,3642.258236,2.540971005,0.844085639,19.35767128
51,-30,40,120,1.318094758,0.705393086,0.993419776,0.973339598,0.979069312,0.903251509,0.966385955,0.815077834,0.520378404,3727.021588,2.513868711,0.841734645,19.30375523
52,-30,50,0,1.318094758,0.810736682,0.993021604,0.973339966,0.980804787,0.920003452,0.966705896,0.831863826,0.616563182,3611.822799,2.430838485,0.828810286,19.00735701
53,-30,50,5,1.318094758,0.810583472,0.993046687,0.973339866,0.98087562,0.919564472,0.966779729,0.831547691,0.615925208,3734.564578,2.44274879,0.828230431,18.99405901
54,-30,50,10,1.318094758,0.809913573,0.993099277,0.973339913,0.980794032,0.919496449,0.966610303,0.831254225,0.615277942,3755.711133,2.594949813,0.833240074,19.10894667
55,-30,50,15,1.318094758,0.809063354,0.993033343,0.973339984,0.980727191,0.919876691,0.966693555,0.83156896,0.614958983,3678.888149,2.519237535,0.832727781,19.0971981
56,-30,50,20,1.318094758,0.807714886,0.993123702,0.973339875,0.980932609,0.919277201,0.966747631,0.831249896,0.614168641,3769.457985,2.45781754,0.837572535,19.2083043
57,-30,50,25,1.318094758,0.805686979,0.992736773,0.973339841,0.980857782,0.918860159,0.966665734,0.830752228,0.612350552,3661.7487,2.543267906,0.831214234,19.06248746
58,-30,50,30,1.318094758,0.803575807,0.992856063,0.973339995,0.980809693,0.918502427,0.966772245,0.830505521,0.611146132,3852.313956,2.530424954,0.840304054,19.27094705
59,-30,50,45,1.318094758,0.795104225,0.99279908,0.973340091,0.980557143,0.917693413,0.96653824,0.829293448,0.604886447,3899.649421,2.47298067,0.843074377,19.33447971
60,-30,50,60,1.318094758,0.783839969,0.99253842,0.973340043,0.980550544,0.915880387,0.966379408,0.827545456,0.596348001,3977.834055,2.431006054,0.841022883,19.28743218
61,-30,50,75,1.318094758,0.771098347,0.992551631,0.973339826,0.980070959,0.913917712,0.96645199,0.825443515,0.586927206,4025.604781,2.543450315,0.84000748,19.26414563
62,-30,50,90,1.318094758,0.757483517,0.992572189,0.973339893,0.979874312,0.912817803,0.966524563,0.824361963,0.576348586,3949.685376,2.547183627,0.843411848,19.34221904
63,-30,50,105,1.318094758,0.743849415,0.992633202,0.973339745,0.979662872,0.910917931,0.966438447,0.822400256,0.559786135,4075.146355,2.605814448,0.841247192,19.29257633
64,-30,50,120,1.318094758,0.731090918,0.992253678,0.973339786,0.979022055,0.910254582,0.96633899,0.821283934,0.545812667,4098.902143,2.623624901,0.838024669,19.21867323
65,-30,60,0,1.318094758,0.812979931,0.991749517,0.973339997,0.981067,0.924163411,0.966583977,0.835331894,0.621421792,4013.841127,2.486494456,0.832957836,19.10247402
66,-30,60,5,1.318094758,0.812766721,0.991680929,0.973339829,0.980812319,0.922089939,0.966647179,0.833640013,0.620089355,3891.51014,2.412571258,0.838419768,19.22773415
67,-30,60,10,1.318094758,0.812304022,0.99173482,0.973339986,0.980664298,0.922204434,0.966534894,0.833524587,0.619703889,3957.460014,2.443191794,0.835145078,19.1526347
68,-30,60,15,1.318094758,0.811627061,0.991522898,0.973339747,0.980902773,0.92200911,0.966540704,0.833507497,0.619180682,3952.027608,2.5316927,0.836263155,19.17827591
69,-30,60,20,1.318094758,0.810685368,0.991550765,0.97333981,0.980937325,0.921928502,0.966481904,0.833410586,0.618553185,3961.838295,2.508871653,0.834294212,19.13312154
70,-30,60,25,1.318094758,0.809153901,0.991598266,0.973339777,0.980758501,0.921563669,0.966482861,0.832967461,0.617251849,4155.067005,2.519370715,0.8397668,19.25862604
71,-30,60,30,1.318094758,0.80739373,0.991279981,0.973339807,0.980673404,0.920940554,0.966515667,0.832373825,0.615464505,3981.804545,2.558968472,0.835277645,19.15567491
72,-30,60,45,1.318094758,0.801054329,0.991044226,0.973339951,0.980583581,0.920515895,0.966463646,0.831789824,0.610945561,4269.664353,2.441780429,0.835524943,19.16134626
73,-30,60,60,1.318094758,0.792729054,0.991104713,0.973339866,0.980514751,0.919876897,0.966424124,0.831141871,0.605260015,4023.976281,2.623175937,0.84517877,19.3827404
74,-30,60,75,1.318094758,0.782824762,0.99066193,0.973339711,0.980470562,0.919142337,0.966395956,0.830389699,0.598094244,4223.863659,2.639607844,0.83912873,19.24399299
75,-30,60,90,1.318094758,0.77243723,0.990510751,0.973340071,0.980039373,0.918091629,0.966352813,0.829067281,0.589827239,4108.506114,2.48066637,0.833140732,19.10666844
76,-30,60,105,1.318094758,0.762121144,0.990357858,0.973339654,0.97986924,0.916454052,0.966286802,0.827462207,0.577548524,4350.489908,2.479992372,0.834122625,19.12918649
77,-30,60,120,1.318094758,0.752418757,0.99013839,0.973339574,0.979349318,0.915924558,0.966276799,0.826588176,0.566709198,4355.115319,2.738018015,0.836636138,19.18682964
78,-30,70,0,1.318094758,0.812729101,0.992182659,0.973339593,0.980763955,0.923212052,0.96634658,0.834314196,0.622202835,3982.746715,2.575211988,0.831568594,19.0706141
79,-30,70,5,1.318094758,0.812472786,0.992093578,0.97333965,0.980757132,0.92299504,0.966246703,0.834091199,0.6218033,4149.898085,2.474821701,0.83016449,19.03841338
80,-30,70,10,1.318094758,0.812163974,0.99198139,0.97333966,0.980783976,0.923715842,0.966231484,0.834712092,0.621987855,4227.859191,2.505094692,0.832324709,19.08795432
81,-30,70,15,1.318094758,0.811551645,0.991804758,0.973339739,0.98062261,0.922803801,0.966229123,0.833803222,0.620822875,4097.667047,2.55208398,0.836974759,19.19459532
82,-30,70,20,1.318094758,0.810971425,0.992041289,0.973339631,0.980742084,0.923414217,0.966342123,0.834488455,0.621102049,4656.108679,2.522293333,0.834305176,19.13337297
83,-30,70,25,1.318094758,0.809931279,0.991659542,0.97333966,0.980683942,0.923460944,0.966435874,0.834575552,0.620224972,4139.347002,2.432151327,0.836959667,19.19424921
84,-30,70,30,1.318094758,0.80896791,0.991845996,0.973339553,0.980629101,0.923120553,0.966281228,0.834119883,0.619412336,4218.299492,2.480424483,0.833138448,19.10661604
85,-30,70,45,1.318094758,0.804577847,0.991796379,0.97333966,0.980691684,0.922463103,0.966349636,0.833541233,0.616161279,4129.081605,2.541452209,0.838287485,19.22470046
86,-30,70,60,1.318094758,0.799084491,0.991597664,0.973339636,0.9805302,0.921527885,0.966316372,0.832605511,0.6119151,4418.267091,2.502355083,0.833409946,19.11284239
87,-30,70,75,1.318094758,0.792446551,0.991390503,0.973339482,0.980430821,0.920914828,0.966162125,0.831804441,0.606928378,4526.158295,2.58881684,0.83364085,19.11813778
88,-30,70,90,1.318094758,0.785636904,0.991436081,0.973339504,0.980246759,0.920892698,0.966314106,0.831786832,0.602041787,4218.384398,2.549374236,0.827511341,18.9775679
89,-30,70,105,1.318094758,0.778352483,0.991344883,0.973339574,0.9798726,0.920202597,0.966142043,0.830704254,0.593843057,4465.477705,2.530406106,0.832109163,19.08301115
90,-30,70,120,1.318094758,0.771773827,0.990991952,0.973339565,0.979864667,0.919306208,0.966273867,0.83004657,0.585843545,4335.256752,2.500736037,0.829330308,19.01928282
91,-30,80,0,1.318094758,0.809465889,0.994312897,0.973339542,0.980501341,0.923348369,0.966264961,0.834127516,0.620210732,4191.999684,2.732744766,0.833086365,19.10542162
92,-30,80,5,1.318094758,0.809512504,0.994506351,0.973339629,0.980395572,0.923939624,0.966151302,0.834526525,0.620827245,4309.798929,2.593380241,0.833669498,19.11879479
93,-30,80,10,1.318094758,0.809227131,0.99428112,0.973339786,0.980319789,0.924154173,0.966108458,0.834603244,0.620366628,4256.722123,2.475988663,0.835453949,19.15971813
94,-30,80,15,1.318094758,0.808933989,0.994235102,0.973339715,0.980482102,0.924023479,0.966051585,0.834569502,0.620267715,4296.674377,2.537049919,0.833137272,19.10658908
95,-30,80,20,1.318094758,0.808619753,0.994321012,0.973339686,0.980480409,0.923385456,0.966101717,0.8340627,0.619923783,4245.496598,2.526701923,0.839395597,19.25011313
96,-30,80,25,1.318094758,0.808089904,0.994391335,0.973339512,0.980520209,0.923134517,0.966011543,0.833868245,0.619472414,4467.506497,2.501033421,0.834334037,19.13403485
97,-30,80,30,1.318094758,0.807542789,0.994304613,0.973339494,0.980400322,0.923199016,0.966303653,0.83397601,0.619143971,4263.460836,2.591460068,0.84048795,19.27516441
98,-30,80,45,1.318094758,0.805409788,0.994280342,0.973339743,0.980227333,0.923071676,0.966038155,0.833563165,0.618142147,4373.231153,2.555677396,0.836834257,19.19137314
99,-30,80,60,1.318094758,0.802597438,0.994384639,0.973339574,0.980326705,0.92295466,0.966027726,0.83349596,0.616846019,4402.094945,2.53590467,0.836863688,19.19204811
100,-30,80,75,1.318094758,0.799585357,0.99437317,0.973339571,0.98044021,0.923165536,0.966200884,0.833838186,0.615710256,4200.645832,2.559952126,0.838173727,19.22209162
101,-30,80,90,1.318094758,0.795892367,0.994354097,0.973339661,0.980391245,0.923082423,0.966163161,0.833716735,0.612812685,4312.957158,2.787556886,0.841703792,19.30304768
102,-30,80,105,1.318094758,0.792365379,0.994353192,0.973339547,0.97997336,0.922215424,0.96614325,0.832651125,0.608349453,4487.098438,2.586675809,0.839268929,19.24720822
103,-30,80,120,1.318094758,0.789009201,0.99421052,0.973339456,0.980190435,0.922062557,0.966134476,0.832638762,0.603725431,4472.863413,2.598983289,0.829407689,19.02105743
104,-30,90,0,1.318094758,0.800481676,0.99612367,0.973339711,0.980146592,0.923347305,0.966147669,0.833817366,0.61272598,4217.016205,2.53658584,0.83656601,19.18522137
105,-30,90,5,1.318094758,0.800663132,0.996038843,0.973339558,0.980394053,0.922739985,0.966016199,0.833388087,0.612497513,4437.607442,2.510889223,0.834037831,19.12724187
106,-30,90,10,1.318094758,0.800676935,0.996179701,0.973339775,0.980089918,0.923458407,0.966141387,0.833864047,0.613288867,4655.03018,2.444298542,0.835027007,19.14992695
107,-30,90,15,1.318094758,0.800543803,0.996097945,0.973339669,0.979840851,0.922595123,0.966078347,0.83285755,0.612080603,4328.854039,2.540475119,0.829530634,19.02387695
108,-30,90,20,1.318094758,0.800528019,0.996132287,0.973339683,0.980216957,0.923261105,0.966032223,0.833643415,0.613162872,4160.576997,2.648034914,0.83498173,19.14888858
109,-30,90,25,1.318094758,0.800552327,0.996249897,0.97333952,0.980307074,0.92306266,0.966209964,0.83365218,0.613590529,4228.028411,2.550614335,0.835870697,19.16927555
110,-30,90,30,1.318094758,0.800777039,0.996215455,0.973339783,0.980190008,0.923145107,0.966119915,0.833636654,0.613572634,4322.150434,2.612620484,0.828326494,18.99626204
111,-30,90,45,1.318094758,0.800537184,0.996134177,0.973339744,0.98016433,0.923656067,0.965938083,0.8339564,0.614619631,4235.489314,2.418055606,0.829012209,19.01198775
112,-30,90,60,1.318094758,0.800760414,0.996147937,0.9733397,0.980290628,0.923742865,0.966063811,0.834185441,0.616204936,4438.484642,2.59518146,0.834320549,19.13372552
113,-30,90,75,1.318094758,0.80060328,0.996250009,0.973339661,0.980269891,0.92313142,0.966063449,0.833586619,0.617125403,4340.24341,2.53765112,0.833727995,19.12013631
114,-30,90,90,1.318094758,0.800606746,0.996174604,0.973339662,0.980343158,0.922788912,0.96592438,0.833304382,0.61742829,4284.03355,2.532097298,0.830403186,19.04388746
115,-30,90,105,1.318094758,0.800525667,0.996139465,0.973339594,0.980221616,0.923431449,0.966156915,0.833958908,0.617263048,4625.859239,2.473003976,0.834397854,19.13549839
116,-30,90,120,1.318094758,0.800727258,0.996048622,0.973339633,0.980337446,0.923300739,0.965880609,0.833690854,0.615759485,4271.299911,2.563781978,0.831511206,19.06929801
0,-10,10,0,1.318094758,0.682044766,0.994047384,0.974814324,0.976996483,0.90835767,0.969072979,0.818535617,0.518793981,2771.027051,2.485255863,0.830299035,18.95588539
1,-10,10,5,1.318094758,0.681857302,0.993941241,0.974814185,0.97717668,0.907544263,0.969163358,0.818011845,0.518230048,2848.783546,2.857346772,0.834339622,19.04813276
2,-10,10,10,1.318094758,0.682096637,0.994168974,0.974814809,0.977016449,0.907235436,0.968923255,0.817276778,0.518017662,2932.161351,2.610009799,0.831266633,18.97797583
3,-10,10,15,1.318094758,0.681583903,0.994355483,0.974814439,0.976960148,0.906489132,0.968808946,0.816519414,0.517277814,2854.660535,2.601294416,0.834387304,19.04922137
4,-10,10,20,1.318094758,0.681108681,0.994500403,0.974814592,0.976852139,0.906377571,0.968841475,0.816436921,0.517330685,2842.859288,2.427541173,0.832340655,19.00249596
5,-10,10,25,1.318094758,0.680162441,0.994305245,0.974814442,0.976351829,0.906307624,0.968749724,0.815867091,0.516444837,2852.441247,2.515768051,0.833710067,19.03375991
6,-10,10,30,1.318094758,0.679108256,0.994148925,0.974814409,0.97626785,0.905781563,0.968618988,0.815221586,0.51590638,2959.884689,2.568200286,0.838893474,19.15209808
7,-10,10,45,1.318094758,0.675168373,0.994255267,0.974814157,0.975893122,0.906115594,0.968696037,0.815439056,0.513862942,2815.540111,2.566306703,0.838659368,19.1467534
8,-10,10,60,1.318094758,0.669453017,0.993851695,0.974814516,0.97524333,0.9075454,0.968875682,0.816501501,0.510908735,2775.626928,2.592025917,0.845152622,19.29499562
9,-10,10,75,1.318094758,0.662685374,0.994199274,0.9748147,0.97504753,0.908831588,0.969012495,0.817868254,0.508833468,2817.789951,2.635459355,0.846089567,19.31638625
10,-10,10,90,1.318094758,0.655149651,0.993899706,0.974814625,0.974403573,0.908764118,0.9689199,0.81737734,0.505301545,2829.068811,2.608074079,0.843700309,19.26183904
11,-10,10,105,1.318094758,0.646912428,0.993944735,0.974815062,0.973372504,0.906252126,0.968772399,0.814447794,0.499523401,2730.346689,2.660734738,0.844157362,19.27227365
12,-10,10,120,1.318094758,0.638557703,0.993763337,0.97481506,0.972944318,0.903939909,0.96867521,0.812076611,0.494349771,2786.20442,2.668503298,0.844378872,19.27733077
13,-10,20,0,1.318094758,0.711576839,0.992603795,0.974805207,0.978960558,0.917448565,0.968806607,0.828195694,0.532933929,2938.260856,2.527629075,0.83287048,19.01459198
14,-10,20,5,1.318094758,0.711543101,0.992680607,0.974805332,0.979053846,0.917508697,0.96875231,0.828252077,0.531832937,2906.688301,2.482754174,0.83376262,19.0349597
15,-10,20,10,1.318094758,0.711006359,0.992491453,0.974804983,0.978933894,0.917635522,0.968804431,0.828313984,0.530734501,2926.232976,2.471761707,0.831592842,18.98542326
16,-10,20,15,1.318094758,0.710734708,0.992442499,0.974805182,0.978609377,0.91749845,0.968794666,0.827954016,0.530007301,2845.828699,2.557296307,0.83211275,18.99729286
17,-10,20,20,1.318094758,0.710207321,0.992516912,0.974805111,0.978745439,0.9176156,0.96872807,0.828134501,0.529026813,2876.661047,2.415340612,0.833215526,19.02246944
18,-10,20,25,1.318094758,0.709451846,0.99244834,0.974805203,0.978607833,0.917318453,0.968701269,0.827745235,0.528928525,2832.437676,2.436114453,0.832445643,19.00489286
19,-10,20,30,1.318094758,0.708753622,0.992260607,0.974805154,0.978277685,0.917780755,0.968653005,0.827867131,0.528278087,2901.20668,2.447026768,0.837933032,19.13017101
20,-10,20,45,1.318094758,0.704690108,0.992419013,0.974804945,0.978303015,0.916701681,0.968615286,0.826905603,0.525752785,3027.434753,2.540919057,0.836189363,19.0903627
21,-10,20,60,1.318094758,0.699984075,0.99240307,0.974805144,0.978042423,0.916564911,0.968634323,0.826689464,0.522885622,2917.156242,2.587256906,0.842081749,19.224887
22,-10,20,75,1.318094758,0.693525709,0.992447582,0.974805114,0.977504564,0.915231946,0.968447084,0.82512109,0.519156317,2996.36856,2.555138241,0.842285595,19.22954085
23,-10,20,90,1.318094758,0.686139387,0.992214494,0.974805195,0.976742533,0.914094155,0.968454611,0.823700568,0.514976966,3218.612888,2.626906417,0.842010464,19.22325955
24,-10,20,105,1.318094758,0.679095167,0.992399925,0.974805381,0.976037017,0.912757607,0.968428179,0.822043066,0.509975952,2927.340421,2.640509181,0.839607818,19.1684067
25,-10,20,120,1.318094758,0.67155245,0.992398209,0.974804856,0.975804819,0.91216019,0.968416551,0.821371888,0.504997693,2951.295531,2.683213714,0.841126552,19.20307967
26,-10,30,0,1.318094758,0.739672097,0.993747686,0.974802479,0.979461846,0.924896739,0.968557069,0.835266085,0.555032577,3138.456038,2.625759956,0.83069387,18.96489956
27,-10,30,5,1.318094758,0.739720712,0.993609657,0.974802202,0.979338225,0.925130201,0.968612971,0.835393893,0.554342924,3165.510427,2.514167648,0.831450959,18.98218405
28,-10,30,10,1.318094758,0.73962249,0.993660294,0.974802187,0.979280363,0.924665533,0.968544778,0.834843262,0.553503501,3057.746041,2.58453763,0.834539726,19.05270119
29,-10,30,15,1.318094758,0.7392795,0.993617304,0.974802343,0.979557333,0.925470524,0.968725879,0.835945949,0.552330538,3040.560645,2.583921121,0.832403178,19.00392338
30,-10,30,20,1.318094758,0.738924759,0.993680911,0.974802391,0.979090327,0.925296374,0.968613046,0.835331961,0.552511857,3037.451075,2.557634594,0.836159152,19.089673
31,-10,30,25,1.318094758,0.738305711,0.993588129,0.974802255,0.979400408,0.925198077,0.968611785,0.835525704,0.55232304,3043.692888,2.474776522,0.840026328,19.17796136
32,-10,30,30,1.318094758,0.737205154,0.993476115,0.974802112,0.97919207,0.924851067,0.968594369,0.835050559,0.552308117,3198.579069,2.478132066,0.843088652,19.24787479
33,-10,30,45,1.318094758,0.734018918,0.993487777,0.974801971,0.97893237,0.924528645,0.968554735,0.834564463,0.552409275,3020.700443,2.487487378,0.835985171,19.08570096
34,-10,30,60,1.318094758,0.729650644,0.993500967,0.974802204,0.978572571,0.923247203,0.968375088,0.8330841,0.552470318,3082.573076,2.593703414,0.84713393,19.34022926
35,-10,30,75,1.318094758,0.724025533,0.993352891,0.974802169,0.978134578,0.922405873,0.968259943,0.831918644,0.552865781,3200.058793,2.603839632,0.838246337,19.13732383
36,-10,30,90,1.318094758,0.717560013,0.993355572,0.974802307,0.977944271,0.922103507,0.968213223,0.831623367,0.54966211,3262.763873,2.685703966,0.838703327,19.14775698
37,-10,30,105,1.318094758,0.711281444,0.993231433,0.974802281,0.977404858,0.920733449,0.968291281,0.830128919,0.539811816,3166.653542,2.558496583,0.844175383,19.27268507
38,-10,30,120,1.318094758,0.704994511,0.993304589,0.974802343,0.976787631,0.920868505,0.968307147,0.829907728,0.531892597,3314.45231,2.767258789,0.843629142,19.26021427
39,-10,40,0,1.318094758,0.762232557,0.994447976,0.974802187,0.97956737,0.931532205,0.968396952,0.841280346,0.581280744,3340.822833,2.519027139,0.835995635,19.08593987
40,-10,40,5,1.318094758,0.762389219,0.994443255,0.974801981,0.97950702,0.930972828,0.968437945,0.840810786,0.580597817,3276.200216,2.578008795,0.836012124,19.08631632
41,-10,40,10,1.318094758,0.762338368,0.994474315,0.974802119,0.979540295,0.931993166,0.968364218,0.841655132,0.580622175,3301.818743,2.641977137,0.84242481,19.23271915
42,-10,40,15,1.318094758,0.762099979,0.994604884,0.974802119,0.979418977,0.9315479,0.968490808,0.841271616,0.579951586,3279.291447,2.563874388,0.830456749,18.95948605
43,-10,40,20,1.318094758,0.761616208,0.994475345,0.974802011,0.979415228,0.931570156,0.96843084,0.841275519,0.579895274,3248.397631,2.476354085,0.832855552,19.01425116
44,-10,40,25,1.318094758,0.761041502,0.994439049,0.974801936,0.979522014,0.931565918,0.968293499,0.841195042,0.579908848,3272.702001,2.535280356,0.838096587,19.133905
45,-10,40,30,1.318094758,0.760582446,0.994525174,0.974802007,0.9792523,0.931606251,0.968398486,0.841132395,0.580125302,3214.793698,2.565792179,0.834639543,19.05498003
46,-10,40,45,1.318094758,0.757547682,0.994162951,0.974802029,0.979063585,0.930720707,0.96824463,0.840092258,0.58039596,3303.0908,2.538208279,0.831005849,18.9720221
47,-10,40,60,1.318094758,0.753598853,0.994021055,0.974801919,0.979111221,0.930365675,0.968310029,0.839891037,0.580938775,3369.702945,2.49043513,0.842752863,19.24020866
48,-10,40,75,1.318094758,0.748731202,0.9937906,0.974802071,0.978834856,0.93014741,0.968134348,0.839404319,0.581298087,3293.17835,2.628194993,0.835257885,19.0690969
49,-10,40,90,1.318094758,0.743448185,0.993835707,0.974801872,0.978458482,0.929509021,0.968359636,0.838704788,0.577941733,3425.265012,2.495491601,0.840336746,19.18504826
50,-10,40,105,1.318094758,0.737820748,0.993793563,0.974802166,0.978059432,0.92911395,0.968193743,0.837987338,0.570227896,3366.511778,2.62467032,0.846499822,19.32575247
51,-10,40,120,1.318094758,0.73251005,0.99390229,0.974802,0.977406912,0.928390607,0.968063018,0.83686498,0.56137863,3444.446733,2.533110737,0.843211333,19.25067562
52,-10,50,0,1.318094758,0.778616764,0.993892517,0.974802274,0.979606608,0.937733996,0.968320877,0.846902325,0.601767252,3464.057697,2.714249428,0.831449428,18.9821491
53,-10,50,5,1.318094758,0.778667256,0.993780627,0.974802213,0.97955233,0.937248326,0.968177954,0.846345571,0.601357403,3363.872811,2.605650934,0.830857987,18.96864638
54,-10,50,10,1.318094758,0.778485573,0.993854885,0.974802255,0.979569596,0.936979164,0.968148367,0.846086948,0.600725952,3459.047063,2.518943279,0.828938106,18.92481512
55,-10,50,15,1.318094758,0.778407481,0.993724172,0.974802332,0.979890863,0.93763736,0.968141658,0.846874884,0.601178056,3345.478821,2.601141264,0.835292377,19.06988436
56,-10,50,20,1.318094758,0.778111827,0.99376773,0.974802234,0.979462724,0.937009449,0.968247861,0.846096914,0.600549091,3352.940046,2.562902318,0.835024584,19.06377059
57,-10,50,25,1.318094758,0.777400726,0.993440039,0.97480221,0.979648085,0.937305198,0.96820321,0.846423645,0.600462692,3393.266956,2.663796738,0.833289591,19.02416035
58,-10,50,30,1.318094758,0.776866135,0.993509994,0.974802351,0.9795232,0.937150524,0.968231411,0.84618486,0.600667149,3410.890446,2.56203134,0.83548434,19.07426691
59,-10,50,45,1.318094758,0.774515427,0.993473393,0.974802419,0.979408696,0.937009366,0.968170526,0.84600709,0.60148699,3440.755063,2.538528246,0.837226288,19.11403591
60,-10,50,60,1.318094758,0.771078761,0.993004367,0.974802366,0.979192866,0.936551603,0.968044005,0.845363623,0.601143079,3387.957878,2.722408332,0.842798147,19.2412425
61,-10,50,75,1.318094758,0.767270561,0.992928268,0.974802234,0.978818591,0.935982155,0.968035701,0.844607231,0.598560419,3538.170162,2.622866804,0.840463514,19.1879424
62,-10,50,90,1.318094758,0.763053564,0.992810228,0.974802308,0.978477963,0.936021162,0.968139559,0.844427554,0.596079434,3724.658482,2.638608197,0.840103356,19.17971992
63,-10,50,105,1.318094758,0.758599026,0.992939863,0.974802189,0.978145149,0.934846741,0.968068019,0.843128931,0.591874827,3611.860681,2.529306199,0.841580187,19.21343624
64,-10,50,120,1.318094758,0.75422156,0.992763854,0.974802196,0.978230191,0.934959591,0.967990261,0.843286988,0.584980589,3703.424543,2.649040059,0.83770006,19.12485222
65,-10,60,0,1.318094758,0.790022651,0.991740875,0.974802189,0.979772286,0.941311377,0.968033088,0.850071171,0.615128699,3792.796716,2.577160609,0.835006847,19.06336565
66,-10,60,5,1.318094758,0.789958835,0.991979057,0.974802033,0.979745091,0.941182775,0.968009112,0.849941273,0.615142638,3528.139075,2.536229535,0.828659591,18.91845657
67,-10,60,10,1.318094758,0.789864481,0.991887629,0.97480227,0.979870749,0.941721595,0.968047808,0.85050794,0.615034587,3496.864649,2.57554686,0.831081127,18.9737407
68,-10,60,15,1.318094758,0.789770141,0.991887071,0.974802106,0.979919715,0.941250628,0.968040963,0.850119515,0.614563129,3597.953423,2.509829535,0.831563662,18.98475707
69,-10,60,20,1.318094758,0.789618874,0.991870263,0.974802153,0.979823641,0.941606749,0.96793962,0.850248752,0.615160559,3526.812695,2.576143808,0.83303325,19.01830805
70,-10,60,25,1.318094758,0.78907679,0.991745391,0.97480228,0.979570671,0.941512413,0.96799648,0.849991556,0.614778192,3571.839515,2.531761197,0.832088717,18.99674419
71,-10,60,30,1.318094758,0.788495265,0.991541931,0.974802163,0.979538317,0.940971879,0.967957254,0.849550592,0.61375371,3720.353669,2.761678211,0.836708972,19.10222548
72,-10,60,45,1.318094758,0.786754323,0.991342928,0.974802262,0.979524404,0.94121336,0.968021203,0.849757518,0.614751635,3635.059922,2.54777634,0.836314043,19.09320917
73,-10,60,60,1.318094758,0.784320309,0.991397615,0.974802275,0.97955294,0.940949669,0.967998985,0.849570816,0.613345445,3519.428071,2.592474206,0.841430779,19.21002523
74,-10,60,75,1.318094758,0.781167065,0.990931825,0.974802111,0.979100261,0.940831906,0.967882021,0.849001031,0.610883867,3598.995938,2.697860609,0.835704644,19.07929648
75,-10,60,90,1.318094758,0.777907057,0.990904722,0.974802427,0.978664551,0.94067967,0.967878067,0.848539199,0.608728614,3680.628669,2.741198915,0.836326201,19.09348674
76,-10,60,105,1.318094758,0.774592634,0.990865922,0.974802207,0.978568886,0.940363079,0.967817789,0.848165119,0.606645082,3761.527872,2.650868687,0.839101892,19.15685631
77,-10,60,120,1.318094758,0.771307301,0.990903416,0.974801955,0.978847994,0.939394168,0.967911126,0.847629191,0.601862972,3608.248848,2.725870497,0.841717158,19.21656333
78,-10,70,0,1.318094758,0.79913439,0.992748591,0.974801944,0.979586836,0.943883216,0.967823497,0.852056785,0.626632525,3632.228828,2.565785474,0.837515291,19.1206339
79,-10,70,5,1.318094758,0.798969757,0.992686295,0.974802066,0.979844025,0.943598414,0.967856102,0.85212733,0.626499189,3485.998701,2.559153352,0.831153613,18.97539558
80,-10,70,10,1.318094758,0.798903821,0.992508177,0.974802003,0.97974041,0.944563473,0.967763687,0.852735588,0.626783295,3840.228037,2.5952398,0.83103255,18.9726317
81,-10,70,15,1.318094758,0.798671598,0.992404134,0.97480213,0.979610704,0.943645629,0.967770513,0.851883604,0.625944762,3895.840781,2.618037886,0.834176245,19.04440284
82,-10,70,20,1.318094758,0.798619956,0.992555013,0.974801987,0.97974747,0.943721918,0.967865446,0.85210477,0.626217874,3601.172611,2.655185753,0.838364744,19.14002707
83,-10,70,25,1.318094758,0.798236278,0.992190776,0.974802066,0.979777554,0.944366936,0.967933935,0.852742214,0.626174788,3647.441494,2.61690333,0.836456262,19.09645606
84,-10,70,30,1.318094758,0.798054324,0.992427514,0.974802032,0.979616791,0.944337362,0.96782959,0.852480618,0.626051874,3627.588959,2.686415883,0.832800256,19.01298874
85,-10,70,45,1.318094758,0.796710986,0.99228518,0.974802011,0.979457653,0.943693964,0.967923969,0.851924695,0.624803208,3577.013284,2.589125595,0.836350608,19.09404397
86,-10,70,60,1.318094758,0.795146715,0.99203727,0.974802156,0.979381368,0.943848448,0.967805745,0.851850763,0.623779345,3790.811543,2.66439521,0.833399951,19.02667991
87,-10,70,75,1.318094758,0.793016449,0.991833597,0.974801888,0.979551918,0.943116008,0.967882054,0.851411814,0.622115336,3971.506763,2.584508821,0.83949665,19.1658687
88,-10,70,90,1.318094758,0.790981677,0.991846027,0.974802038,0.979337067,0.943659675,0.967895971,0.851707836,0.621228315,3884.981804,2.701512291,0.840745248,19.19437444
89,-10,70,105,1.318094758,0.78841524,0.991888501,0.974802,0.979201669,0.943032068,0.967847541,0.851089964,0.619287135,3808.953507,2.690932898,0.84029303,19.1840502
90,-10,70,120,1.318094758,0.786177661,0.991663457,0.974802023,0.978904235,0.942876428,0.967824654,0.850716193,0.617034,3769.938623,2.618244557,0.830995614,18.97178844
91,-10,80,0,1.318094758,0.805254767,0.995477603,0.974802058,0.979754927,0.946845476,0.967812482,0.854603801,0.635612336,3743.017187,2.616867018,0.837291103,19.11551565
92,-10,80,5,1.318094758,0.805353795,0.99541024,0.974802119,0.979538517,0.945499928,0.967681289,0.853378364,0.634804904,3823.947072,2.603011247,0.834698129,19.05631756
93,-10,80,10,1.318094758,0.805182196,0.995350066,0.974802102,0.979538966,0.945442027,0.967707509,0.853401247,0.634647361,3886.744736,2.645780181,0.834131508,19.04338148
94,-10,80,15,1.318094758,0.805080525,0.995246659,0.974802045,0.97987116,0.945416813,0.967683054,0.853596438,0.634663566,3744.805262,2.689916707,0.837490414,19.12006595
95,-10,80,20,1.318094758,0.805021258,0.995199157,0.974802129,0.979690642,0.945105072,0.967740651,0.853258128,0.634339519,3835.352527,2.58405235,0.83700018,19.10887381
96,-10,80,25,1.318094758,0.804819181,0.995387778,0.974801877,0.979788599,0.944785188,0.967703483,0.85302663,0.634168471,3816.684241,2.583373239,0.838892288,19.15207101
97,-10,80,30,1.318094758,0.804658624,0.995210606,0.97480192,0.979659729,0.944729842,0.967756327,0.852886143,0.63385774,3955.181249,2.560165948,0.832103386,18.99707908
98,-10,80,45,1.318094758,0.804031958,0.995089103,0.9748021,0.979484924,0.945263925,0.967757386,0.853251728,0.63369345,3731.94248,2.710165858,0.831744081,18.98887607
99,-10,80,60,1.318094758,0.803170537,0.995068875,0.974802073,0.979480709,0.945509037,0.967696585,0.8533797,0.633273488,3954.949169,2.599663681,0.837640955,19.12350284
100,-10,80,75,1.318094758,0.802402974,0.995196784,0.974802117,0.979440528,0.94527113,0.967738959,0.853143762,0.632806253,3883.361396,2.645075224,0.833464924,19.02816324
101,-10,80,90,1.318094758,0.801098141,0.995021083,0.974801986,0.979534511,0.945027417,0.967687697,0.853019828,0.631823384,3811.559708,2.812839905,0.83639853,19.09513804
102,-10,80,105,1.318094758,0.799942223,0.995094254,0.97480201,0.979371082,0.945157324,0.967650599,0.852978384,0.631162836,3848.544254,2.576066223,0.832956028,19.01654505
103,-10,80,120,1.318094758,0.798773916,0.995136017,0.974801944,0.979241373,0.944808277,0.967625503,0.852565453,0.630201724,3779.542889,2.720846691,0.836656503,19.1010276
104,-10,90,0,1.318094758,0.805538395,0.997127485,0.974802201,0.979490276,0.946058114,0.967728481,0.853845586,0.636034404,3715.115495,2.860376883,0.83767365,19.12424926
105,-10,90,5,1.318094758,0.80572292,0.997030741,0.974802069,0.979639231,0.9456358,0.967657113,0.853637701,0.635953857,4150.273659,2.774606358,0.835035664,19.06402354
106,-10,90,10,1.318094758,0.805730512,0.997190487,0.974802203,0.97943658,0.945917114,0.967591246,0.853699585,0.636103442,3885.145847,2.682156208,0.831787391,18.98986484
107,-10,90,15,1.318094758,0.805598751,0.997119302,0.974802093,0.979164105,0.945180912,0.967683989,0.852840669,0.635499637,3798.570088,2.626212217,0.830068795,18.95062898
108,-10,90,20,1.318094758,0.805582961,0.996993622,0.974802024,0.979660648,0.945442978,0.967669773,0.85350864,0.636228056,3775.514466,2.602832879,0.83535314,19.07127159
109,-10,90,25,1.318094758,0.805610089,0.997161001,0.974802129,0.979473582,0.945690442,0.967740983,0.8535211,0.636368822,3685.170258,2.761876,0.836773415,19.10369673
110,-10,90,30,1.318094758,0.805830522,0.997190766,0.974802252,0.979383802,0.945897952,0.96769735,0.853659003,0.637013823,3795.576715,2.697833222,0.837296178,19.11563151
111,-10,90,45,1.318094758,0.80558757,0.997053284,0.974802274,0.979040735,0.946077918,0.967703521,0.853604442,0.637057351,3801.518851,2.593348871,0.834310308,19.04746353
112,-10,90,60,1.318094758,0.805811977,0.997106356,0.974802226,0.97952414,0.945987095,0.967756695,0.853873268,0.637458196,3857.804562,2.497008549,0.831150411,18.97532248
113,-10,90,75,1.318094758,0.805655768,0.99716218,0.974802156,0.979594681,0.945224307,0.967622502,0.85321693,0.636897874,3821.711488,2.611860946,0.829801012,18.94451544
114,-10,90,90,1.318094758,0.805659899,0.997183191,0.974802089,0.979322772,0.945331484,0.96757445,0.853054909,0.63679905,3801.546163,2.53767103,0.835916167,19.08412558
115,-10,90,105,1.318094758,0.805580378,0.997207105,0.974802105,0.979567779,0.945824351,0.967706371,0.853748067,0.637245496,3773.748399,2.645901768,0.839005174,19.1546482
116,-10,90,120,1.318094758,0.805781781,0.997042285,0.974802086,0.979410954,0.945760015,0.967615009,0.853510716,0.63712889,4111.674927,2.575979846,0.836384478,19.09481722
0,-40,10,0,1.318094758,0.771712897,0.992092501,0.972332379,0.980456152,0.892312073,0.966700213,0.806757584,0.560390909,3024.611529,2.325322159,0.836974298,19.13963245
1,-40,10,5,1.318094758,0.770813037,0.992107529,0.972332203,0.980069045,0.892051495,0.96666488,0.806295117,0.558614145,2983.570767,2.290216548,0.834421488,19.0812557
2,-40,10,10,1.318094758,0.769512572,0.992344279,0.972332235,0.980145997,0.891160181,0.966557286,0.805382934,0.55751162,3072.337463,2.344855899,0.829342127,18.96510266
3,-40,10,15,1.318094758,0.766766618,0.992320715,0.972332032,0.979952287,0.889352268,0.966572352,0.803543215,0.554897284,2941.607918,2.415715913,0.828093057,18.93653936
4,-40,10,20,1.318094758,0.763307002,0.992355203,0.972331921,0.980050547,0.888955905,0.966460885,0.803178822,0.552739992,2934.657357,2.271006696,0.827674594,18.92697011
5,-40,10,25,1.318094758,0.758682414,0.992215604,0.972331939,0.979996622,0.887326041,0.966482755,0.801647533,0.549173371,2993.358857,2.405460434,0.830057452,18.98146047
6,-40,10,30,1.318094758,0.753268029,0.992487181,0.972332047,0.979732214,0.886035247,0.966354864,0.800193391,0.544768165,3083.785006,2.488112181,0.831084293,19.00494191
7,-40,10,45,1.318094758,0.732449068,0.992780215,0.972331619,0.979436048,0.881852034,0.966483271,0.796158692,0.530147319,2952.446256,2.580481361,0.835558929,19.10726629
8,-40,10,60,1.318094758,0.705368072,0.99278832,0.972331547,0.979252845,0.877736899,0.96650907,0.792261509,0.511725517,3057.687473,2.452180377,0.836606652,19.13122525
9,-40,10,75,1.318094758,0.674626196,0.993110228,0.9723319,0.978590438,0.872864946,0.966748873,0.787561016,0.492379603,2870.780127,2.472178668,0.844691034,19.31609604
10,-40,10,90,1.318094758,0.642755456,0.993292543,0.972331977,0.977956006,0.868180044,0.966558275,0.782880352,0.472595659,2941.619072,2.504467636,0.843452098,19.2877645
11,-40,10,105,1.318094758,0.61185806,0.993516913,0.972332758,0.977491156,0.862464713,0.966394233,0.777444147,0.454416934,2870.116321,2.676637464,0.848721744,19.40826889
12,-40,10,120,1.318094758,0.583872426,0.993105157,0.972332691,0.976732047,0.85893853,0.96615908,0.773679509,0.435748827,2867.040197,2.621709977,0.839705205,19.20208187
13,-40,20,0,1.318094758,0.790306446,0.989780547,0.97232442,0.980978077,0.897187809,0.966477584,0.811453169,0.567246165,3158.752462,2.397851848,0.829646394,18.97206053
14,-40,20,5,1.318094758,0.789618959,0.989819203,0.972324577,0.981021793,0.897207488,0.966468282,0.811500835,0.566347265,3112.939671,2.406980699,0.831555301,19.01571274
15,-40,20,10,1.318094758,0.787777097,0.989906001,0.972324439,0.980975134,0.896949411,0.966392352,0.811108429,0.56302303,3163.210465,2.362895108,0.831218267,19.00800558
16,-40,20,15,1.318094758,0.785494232,0.989897587,0.972324506,0.980838072,0.895707358,0.966407542,0.809968096,0.560244563,3153.828825,2.381587884,0.831869958,19.02290822
17,-40,20,20,1.318094758,0.782302636,0.990205902,0.972324613,0.980960099,0.895710186,0.966273886,0.809915326,0.559155813,3256.763822,2.354084955,0.832038139,19.02675412
18,-40,20,25,1.318094758,0.778257843,0.990143308,0.972324711,0.980949498,0.89444129,0.966211398,0.808677878,0.55617307,3128.962174,2.499953131,0.833353944,19.05684348
19,-40,20,30,1.318094758,0.773644069,0.990197423,0.972324553,0.980442429,0.894046302,0.966309849,0.807999916,0.552555566,3047.205867,2.257505904,0.829105879,18.95970022
20,-40,20,45,1.318094758,0.754609567,0.990733262,0.972324202,0.980687404,0.889595371,0.966301585,0.804048123,0.538847672,3141.250617,2.435246747,0.832000833,19.02590101
21,-40,20,60,1.318094758,0.730965063,0.991467023,0.972323946,0.980512525,0.884673872,0.966255947,0.79935613,0.521236863,3127.008423,2.485646587,0.840015443,19.20917629
22,-40,20,75,1.318094758,0.703253501,0.991877608,0.97232404,0.979822051,0.878706536,0.966124389,0.793352681,0.501943573,3178.642598,2.345925465,0.841404985,19.24095183
23,-40,20,90,1.318094758,0.674127646,0.992043629,0.972323751,0.979215829,0.874287114,0.965799582,0.788728289,0.481196766,3233.951565,2.539894249,0.838381894,19.17182086
24,-40,20,105,1.318094758,0.646572535,0.99277549,0.972323788,0.97881144,0.870767806,0.965853347,0.785407702,0.463504378,3173.351405,2.494623052,0.839377771,19.19459422
25,-40,20,120,1.318094758,0.621043099,0.992896747,0.972323347,0.97804041,0.868028941,0.965882676,0.782547258,0.447189787,3300.848494,2.487943592,0.843517018,19.28924906
26,-40,30,0,1.318094758,0.806697067,0.991443286,0.972321563,0.981020398,0.900837353,0.966196891,0.814582988,0.591541246,3423.072664,2.336773173,0.829835431,18.97638338
27,-40,30,5,1.318094758,0.806178169,0.991348834,0.972321428,0.981049995,0.900618158,0.966199616,0.814450079,0.590651133,3447.261496,2.392896019,0.833703928,19.06484678
28,-40,30,10,1.318094758,0.804914718,0.991469784,0.972321507,0.981169699,0.899730728,0.966284595,0.813769309,0.588971897,3492.118845,2.361815806,0.833239952,19.05423674
29,-40,30,15,1.318094758,0.80282472,0.99153266,0.972321577,0.980938427,0.900028969,0.966433093,0.813972143,0.587484501,3304.072022,2.314377758,0.835929331,19.11573651
30,-40,30,20,1.318094758,0.800155111,0.991640503,0.972321556,0.981190586,0.899642792,0.966195238,0.813587003,0.585697901,3368.771534,2.351326164,0.834873129,19.09158365
31,-40,30,25,1.318094758,0.796682141,0.991576722,0.972321457,0.980991852,0.898630856,0.966223889,0.812566407,0.583004194,3347.783711,2.321132887,0.829641255,18.97194302
32,-40,30,30,1.318094758,0.792215077,0.991576827,0.972321514,0.980916448,0.897746072,0.96626434,0.811739617,0.579588783,3481.430459,2.534989486,0.836801214,19.13567442
33,-40,30,45,1.318094758,0.776066929,0.992059828,0.972321319,0.98080832,0.894245812,0.966111775,0.808289123,0.567341995,3282.747248,2.507527072,0.842074926,19.25627182
34,-40,30,60,1.318094758,0.755351911,0.992481539,0.972321362,0.980583616,0.890067299,0.965976632,0.804151895,0.551150449,3434.356087,2.36726599,0.840903107,19.22947508
35,-40,30,75,1.318094758,0.731352751,0.992853735,0.972321164,0.980515765,0.885478716,0.965698909,0.799769089,0.532585124,3614.642373,2.387336647,0.837656025,19.15522194
36,-40,30,90,1.318094758,0.705944713,0.993223057,0.972321209,0.979991253,0.882807693,0.965723364,0.796917402,0.51113928,3403.165754,2.469528249,0.842942942,19.2761213
37,-40,30,105,1.318094758,0.681633379,0.993415104,0.972321105,0.979286661,0.879156675,0.965553452,0.793096737,0.487623075,3706.222768,2.56611968,0.844539705,19.31263551
38,-40,30,120,1.318094758,0.659376187,0.993524335,0.972321273,0.979090995,0.877669128,0.965545193,0.791691825,0.470365296,3657.020726,2.560210904,0.836652161,19.13226595
39,-40,40,0,1.318094758,0.817131912,0.992467173,0.972321293,0.981041763,0.903300332,0.965983626,0.816654584,0.607427225,3558.73642,2.340528375,0.828945732,18.95603804
40,-40,40,5,1.318094758,0.816802817,0.992557266,0.972321117,0.980860294,0.902753524,0.966000221,0.816103224,0.606870546,3466.21688,2.321091866,0.835249581,19.10019224
41,-40,40,10,1.318094758,0.815763869,0.992464983,0.97232104,0.98115291,0.903294265,0.965949939,0.816754793,0.606248703,3555.023241,2.299719923,0.828651328,18.94930572
42,-40,40,15,1.318094758,0.814064342,0.992557392,0.972321162,0.980995913,0.902400217,0.966072561,0.815913333,0.604434545,3837.667331,2.320666914,0.831147042,19.00637682
43,-40,40,20,1.318094758,0.811633117,0.992530079,0.972321142,0.981050653,0.902613031,0.966107941,0.816132963,0.603061144,3539.173463,2.341952888,0.8301296,18.98311032
44,-40,40,25,1.318094758,0.808658792,0.992601813,0.972321055,0.980950207,0.901602794,0.965973262,0.815027828,0.600844795,3565.510022,2.421114968,0.829743489,18.97428086
45,-40,40,30,1.318094758,0.805365587,0.992703444,0.972321193,0.981093844,0.90193111,0.965947875,0.815369705,0.59903676,3535.341206,2.478126097,0.829014833,18.95761821
46,-40,40,45,1.318094758,0.791463471,0.992530819,0.972321126,0.981030846,0.898466861,0.965921464,0.812141182,0.588151232,3590.764739,2.418510903,0.834418756,19.08119322
47,-40,40,60,1.318094758,0.77381173,0.992901111,0.972320901,0.980854863,0.895720512,0.965822671,0.809412344,0.573923358,3823.389101,2.447411842,0.835794588,19.11265525
48,-40,40,75,1.318094758,0.753499283,0.993019089,0.972320955,0.980557279,0.893567312,0.965666722,0.807075993,0.56000507,3850.341014,2.343042,0.838066022,19.1645976
49,-40,40,90,1.318094758,0.732218439,0.993241175,0.972320857,0.980017221,0.891026083,0.965583127,0.804301754,0.537843945,3887.303877,2.514612667,0.838986946,19.18565697
50,-40,40,105,1.318094758,0.711208591,0.993285578,0.972320857,0.97989867,0.888513938,0.965604552,0.802017333,0.516341632,3804.838567,2.467293425,0.840886601,19.22909761
51,-40,40,120,1.318094758,0.692157609,0.993360013,0.972320951,0.979150888,0.887130991,0.965475839,0.80011788,0.498257719,3843.426262,2.579693376,0.838057256,19.16439716
52,-40,50,0,1.318094758,0.821051578,0.992169157,0.972321203,0.981403196,0.90819871,0.965829815,0.821008273,0.614890058,3935.732504,2.411689821,0.832291213,19.03254132
53,-40,50,5,1.318094758,0.820707839,0.991956434,0.972321246,0.98080904,0.905859668,0.965790877,0.818665657,0.61284713,3819.053014,2.460613113,0.829986289,18.97983313
54,-40,50,10,1.318094758,0.819735781,0.992014902,0.972321219,0.98091964,0.905793979,0.965665681,0.81854331,0.61218021,3845.604853,2.350925348,0.834968103,19.09375548
55,-40,50,15,1.318094758,0.818477246,0.991959162,0.972321275,0.980744289,0.906211327,0.965600523,0.818746288,0.6115115,3759.266147,2.409709707,0.830816756,18.99882397
56,-40,50,20,1.318094758,0.816618593,0.99205429,0.972321127,0.980933441,0.905307396,0.965717926,0.818204346,0.60997733,4190.310232,2.392910111,0.835725707,19.11108011
57,-40,50,25,1.318094758,0.813984709,0.991755491,0.972321218,0.980884626,0.905182253,0.965701194,0.817943731,0.607883597,3933.172819,2.557558515,0.830666919,18.99539755
58,-40,50,30,1.318094758,0.811168687,0.991850262,0.97232123,0.981008509,0.904316618,0.96579499,0.81741175,0.605813982,3929.453067,2.339680382,0.837347768,19.14817283
59,-40,50,45,1.318094758,0.800089329,0.991785482,0.972321242,0.980796921,0.903204816,0.965692016,0.816066527,0.597797337,4126.078716,2.441421819,0.839914676,19.20687198
60,-40,50,60,1.318094758,0.785644419,0.991772064,0.972321371,0.980559784,0.900858997,0.965582053,0.813649356,0.58687545,4110.869467,2.40610801,0.843963106,19.29945005
61,-40,50,75,1.318094758,0.769390252,0.991859955,0.972321076,0.980303744,0.898886763,0.965535251,0.811600453,0.574971364,4108.903498,2.37678146,0.839371153,19.19444289
62,-40,50,90,1.318094758,0.752204875,0.991933371,0.972321142,0.980039149,0.89709037,0.965709712,0.809960627,0.558341576,4083.960923,2.558519619,0.839671724,19.20131623
63,-40,50,105,1.318094758,0.735218388,0.9922484,0.972321082,0.979612499,0.895041156,0.965487512,0.807598318,0.539927355,4171.23342,2.650377402,0.832587242,19.03931081
64,-40,50,120,1.318094758,0.719548399,0.991853852,0.972321027,0.979144809,0.893968858,0.96534359,0.806212411,0.524691798,3933.487599,2.51971819,0.835035232,19.09529057
65,-40,60,0,1.318094758,0.819750051,0.990725739,0.972321211,0.980838987,0.907758907,0.965534058,0.820160426,0.613967704,4049.194113,2.381931921,0.834898874,19.09217238
66,-40,60,5,1.318094758,0.819389039,0.990775478,0.972321026,0.981016195,0.907546195,0.965504677,0.820139583,0.613769822,3941.1729,2.383554304,0.830192456,18.98454768
67,-40,60,10,1.318094758,0.818697203,0.990779597,0.972321214,0.980827809,0.908080641,0.965494661,0.820401193,0.613500172,4067.10952,2.451215761,0.835058196,19.0958157
68,-40,60,15,1.318094758,0.817714015,0.990621445,0.972320989,0.980947547,0.907320571,0.965551162,0.819832221,0.612400313,4089.763898,2.413226276,0.831775275,19.02074304
69,-40,60,20,1.318094758,0.816387954,0.990653533,0.972321112,0.980771804,0.90740558,0.965529065,0.819750576,0.611535685,3992.818505,2.384398355,0.839858436,19.20558589
70,-40,60,25,1.318094758,0.81439863,0.990655935,0.97232105,0.98100822,0.907338462,0.965572997,0.819922627,0.61036771,4353.815405,2.321997243,0.83537548,19.10307126
71,-40,60,30,1.318094758,0.812115225,0.990288735,0.972321094,0.980879304,0.906348136,0.965564917,0.81887908,0.60790289,4387.923472,2.418550107,0.843551179,19.29003024
72,-40,60,45,1.318094758,0.803820153,0.990149996,0.972321188,0.980766317,0.905329805,0.96544939,0.817848259,0.60184153,4200.195165,2.322056134,0.841128445,19.23462802
73,-40,60,60,1.318094758,0.793111821,0.990351899,0.972321134,0.980700219,0.905240692,0.965315274,0.817455889,0.594926476,4268.897925,2.492206682,0.838693048,19.17893622
74,-40,60,75,1.318094758,0.780567686,0.99002294,0.972320932,0.980411112,0.904157462,0.965394363,0.816379442,0.585366407,4331.567641,2.617930525,0.835358647,19.10268631
75,-40,60,90,1.318094758,0.76748439,0.989874951,0.972321184,0.980376465,0.902346395,0.965341906,0.814637675,0.572747504,4429.966929,2.387264723,0.832585224,19.03926466
76,-40,60,105,1.318094758,0.754622813,0.989623802,0.97232097,0.979789109,0.901413841,0.965160208,0.813236329,0.558304164,4397.353126,2.497458275,0.836853612,19.13687266
77,-40,60,120,1.318094758,0.742683786,0.989463389,0.97232083,0.979610502,0.900295129,0.965269679,0.812165258,0.54663571,3968.521015,2.536754731,0.834259283,19.07754645
78,-40,70,0,1.318094758,0.815925501,0.991167653,0.97232084,0.980858527,0.908499192,0.965361359,0.820643376,0.613359622,4572.622212,2.401004684,0.82615906,18.89231341
79,-40,70,5,1.318094758,0.815572838,0.991233905,0.972320947,0.98070478,0.90849542,0.965197876,0.820440688,0.612991988,4050.867561,2.362553726,0.833349497,19.05674179
80,-40,70,10,1.318094758,0.815110803,0.991187503,0.972320911,0.980579611,0.908805931,0.965264501,0.820715832,0.612873985,4199.717282,2.343152228,0.832170063,19.0297709
81,-40,70,15,1.318094758,0.814296229,0.990968733,0.972321057,0.980367705,0.908032617,0.96539922,0.819921581,0.611638164,4408.362355,2.455004392,0.835647441,19.10929036
82,-40,70,20,1.318094758,0.813459295,0.99106013,0.972320902,0.980836201,0.908590628,0.965322209,0.820689641,0.611717523,4118.740262,2.425542057,0.832575688,19.03904659
83,-40,70,25,1.318094758,0.812116184,0.990870254,0.972320904,0.980528128,0.908330288,0.965326596,0.820316708,0.610440173,4388.02242,2.519364734,0.837054033,19.1414558
84,-40,70,30,1.318094758,0.81080553,0.990987828,0.972320821,0.980518217,0.908269465,0.965400569,0.82022631,0.609617746,4491.132617,2.509515728,0.831466051,19.0136718
85,-40,70,45,1.318094758,0.80512447,0.990958625,0.972320818,0.980701078,0.907431146,0.965486566,0.819644597,0.605553903,4246.442805,2.359221415,0.833565501,19.06168128
86,-40,70,60,1.318094758,0.798050222,0.990804034,0.972320854,0.980645832,0.906748716,0.965387088,0.818866075,0.600419031,4372.762283,2.3897971,0.836442914,19.12748094
87,-40,70,75,1.318094758,0.789659604,0.990781751,0.972320732,0.98051777,0.905806844,0.965251248,0.817778333,0.593723295,4365.000852,2.381966047,0.832505955,19.03745195
88,-40,70,90,1.318094758,0.781053994,0.990884724,0.972320775,0.980230487,0.905166013,0.96533838,0.817114275,0.585840812,4407.217936,2.42293673,0.829527995,18.96935302
89,-40,70,105,1.318094758,0.772052078,0.99073022,0.972320714,0.980045463,0.904770927,0.965234862,0.81649333,0.576077778,4259.79996,2.33433832,0.829423605,18.96696588
90,-40,70,120,1.318094758,0.763954968,0.990345171,0.972320715,0.979850524,0.903520393,0.965195334,0.815276946,0.56657503,4473.352497,2.379889765,0.834869163,19.09149297
91,-40,80,0,1.318094758,0.809127437,0.993589876,0.972320755,0.980762236,0.908346839,0.965301023,0.820334838,0.608784894,4531.049893,2.500842866,0.82992086,18.97833692
92,-40,80,5,1.318094758,0.809123293,0.993659987,0.972320839,0.980481235,0.908821953,0.965266814,0.820583588,0.608690957,4293.877937,2.465395811,0.838186638,19.16735582
93,-40,80,10,1.318094758,0.808762952,0.993529521,0.972320961,0.980349868,0.909063635,0.965295235,0.820684667,0.608769702,4505.915911,2.416336958,0.829087699,18.95928449
94,-40,80,15,1.318094758,0.808367268,0.993535401,0.97232085,0.980543039,0.908875482,0.965094556,0.820525733,0.608226448,4423.44808,2.409057103,0.831127808,19.00593698
95,-40,80,20,1.318094758,0.80792973,0.993492153,0.972320881,0.980640532,0.908455369,0.965186493,0.820244204,0.60770761,4391.54029,2.420690904,0.830500837,18.99159964
96,-40,80,25,1.318094758,0.807248666,0.99362421,0.972320694,0.980652496,0.908282662,0.965109144,0.820055097,0.607210015,4330.813957,2.418216595,0.834275063,19.07790729
97,-40,80,30,1.318094758,0.806530873,0.993465617,0.972320694,0.98037616,0.907814129,0.96541755,0.819734529,0.606414822,4547.829473,2.478520033,0.837688375,19.15596171
98,-40,80,45,1.318094758,0.803762603,0.99343496,0.972320919,0.98043778,0.907948131,0.965195245,0.819644684,0.604883235,4392.74011,2.422544422,0.830920309,19.00119198
99,-40,80,60,1.318094758,0.80017094,0.993667402,0.972320851,0.980119453,0.907886539,0.965181571,0.819355708,0.603022119,4403.836929,2.622926623,0.826545544,18.9011514
100,-40,80,75,1.318094758,0.796291521,0.993715189,0.972320864,0.98034432,0.908099799,0.96543296,0.819867789,0.601251217,4318.656428,2.540354844,0.831785485,19.02097652
101,-40,80,90,1.318094758,0.791698902,0.993740718,0.972320793,0.980215717,0.907471485,0.965073599,0.818986755,0.596921267,4311.311404,2.480682698,0.831174095,19.00699546
102,-40,80,105,1.318094758,0.78731244,0.993792548,0.972320813,0.979915946,0.907053344,0.965201983,0.818484525,0.59194688,4564.524021,2.471218794,0.830699705,18.99614727
103,-40,80,120,1.318094758,0.783188122,0.993593147,0.972320638,0.980267657,0.906696762,0.965155822,0.81831103,0.586350018,4277.292719,2.428046792,0.831435099,19.01296401
104,-40,90,0,1.318094758,0.796699013,0.995584564,0.972320858,0.980278981,0.908042053,0.965157957,0.819614621,0.598452134,4528.784575,2.471499326,0.832202874,19.03052121
105,-40,90,5,1.318094758,0.796877482,0.995488322,0.97232065,0.980339951,0.907084975,0.965113259,0.818800842,0.597958193,4697.51782,2.413378646,0.826129337,18.89163371
106,-40,90,10,1.318094758,0.796895395,0.99556119,0.972321005,0.980174214,0.908421956,0.965134692,0.819823809,0.598719285,4505.887945,2.426548236,0.83537348,19.10302552
107,-40,90,15,1.318094758,0.796761925,0.995509947,0.972320899,0.980085305,0.907719946,0.965008842,0.819026868,0.598226546,4358.203747,2.524245752,0.828794113,18.95257088
108,-40,90,20,1.318094758,0.796746473,0.995429477,0.972320902,0.980324368,0.908041793,0.965025978,0.819519281,0.598498896,4492.874097,2.429318004,0.833767406,19.06629837
109,-40,90,25,1.318094758,0.796769201,0.995638623,0.972320687,0.980723146,0.907406534,0.965292884,0.819457813,0.598408023,4491.101258,2.494133717,0.830218948,18.98515351
110,-40,90,30,1.318094758,0.796995007,0.995668951,0.972320974,0.980261895,0.908054114,0.96522442,0.819627083,0.599086734,4625.075745,2.468572644,0.829310736,18.96438482
111,-40,90,45,1.318094758,0.796757977,0.995587691,0.972320998,0.980240938,0.908229316,0.965168517,0.819745543,0.599283273,4587.700574,2.426952883,0.834671654,19.08697639
112,-40,90,60,1.318094758,0.79697946,0.995604145,0.972320896,0.980133991,0.908413988,0.965104078,0.819840355,0.600947612,4470.206482,2.353697352,0.832688572,19.04162799
113,-40,90,75,1.318094758,0.796822759,0.995629236,0.972320886,0.980199633,0.907589233,0.965167918,0.819176947,0.601441784,4313.137105,2.567849611,0.832058604,19.02722211
114,-40,90,90,1.318094758,0.796825849,0.995605809,0.972320936,0.980175298,0.907412986,0.965067425,0.818926697,0.601792199,4442.861246,2.6775248,0.82962003,18.97145766
115,-40,90,105,1.318094758,0.796743623,0.995541576,0.97232077,0.980289079,0.908253976,0.965121986,0.819819553,0.601952432,4239.393472,2.415719862,0.839681753,19.20154558
116,-40,90,120,1.318094758,0.796945886,0.995451229,0.972320841,0.98032963,0.908095134,0.965144826,0.819697749,0.6005493,4529.466302,2.519839776,0.830923092,19.0012556
