,Tp,T_amb,Qavg,eta_rcv
0,600,268.15,0.25,0.8324898946754046
1,600,268.15,0.5,0.8532674795082446
2,600,268.15,0.75,0.8601933411155712
3,600,268.15,1.0,0.8636562719165203
4,600,268.15,1.25,0.8657340303949189
5,600,268.15,1.5,0.8671192027120428
6,600,268.15,1.75,0.8681086115084384
7,600,268.15,2.0,0.8688506681043795
8,600,273.15,0.25,0.8331286510662953
9,600,273.15,0.5,0.8535868572189748
10,600,273.15,0.75,0.8604062592663024
11,600,273.15,1.0,0.8638159602872931
12,600,273.15,1.25,0.8658617808977492
13,600,273.15,1.5,0.8672256613029387
14,600,273.15,1.75,0.8681998615908332
15,600,273.15,2.0,0.8689305118054187
16,600,278.15,0.25,0.8337665405965144
17,600,278.15,0.5,0.8539058014993692
18,600,278.15,0.75,0.8606188884634767
19,600,278.15,1.0,0.8639754319428978
20,600,278.15,1.25,0.8659893580284451
21,600,278.15,1.5,0.8673319754170559
22,600,278.15,1.75,0.868290987835989
23,600,278.15,2.0,0.869010247148874
24,600,283.15,0.25,0.8344035976038813
25,600,283.15,0.5,0.8542243295183375
26,600,283.15,0.75,0.8608312401530333
27,600,283.15,1.0,0.8641346954677896
28,600,283.15,1.25,0.8661167686545707
29,600,283.15,1.5,0.8674381507773644
30,600,283.15,1.75,0.8683819951493088
31,600,283.15,2.0,0.8690898784269727
32,600,288.15,0.25,0.8350398560528838
33,600,288.15,0.5,0.8545424582581237
34,600,288.15,0.75,0.8610433256564685
35,600,288.15,1.0,0.8642937593530903
36,600,288.15,1.25,0.8662440195690233
37,600,288.15,1.5,0.8675441930446124
38,600,288.15,1.75,0.8684728883828624
39,600,288.15,2.0,0.8691694098852759
40,600,293.15,0.25,0.8356753495227733
41,600,293.15,0.5,0.8548602045083533
42,600,293.15,0.75,0.8612551561668661
43,600,293.15,1.0,0.8644526319936127
44,600,293.15,1.25,0.8663711174876533
45,600,293.15,1.5,0.8676501078153414
46,600,293.15,1.75,0.8685636723336856
47,600,293.15,2.0,0.86924884572119
48,600,298.15,0.25,0.8363101111931551
49,600,298.15,0.5,0.8551775848588291
50,600,298.15,0.75,0.8614667427440943
51,600,298.15,1.0,0.8646113216842581
52,600,298.15,1.25,0.8664980690463818
53,600,298.15,1.5,0.8677559006194858
54,600,298.15,1.75,0.8686543517417218
55,600,298.15,2.0,0.8693281900821656
56,600,303.15,0.25,0.8369441738269638
57,600,303.15,0.5,0.8554946156910184
58,600,303.15,0.75,0.8616780963091317
59,600,303.15,1.0,0.8647698366157603
60,600,303.15,1.25,0.8666248807977958
61,600,303.15,1.5,0.8678615769175347
62,600,303.15,1.75,0.8687449312873905
63,600,303.15,2.0,0.8694074470635695
64,600,308.15,0.25,0.8375775697507006
65,600,308.15,0.5,0.8558113131681717
66,600,308.15,0.75,0.8618892276374784
67,600,308.15,1.0,0.8649281848697445
68,600,308.15,1.25,0.866751559207195
69,600,308.15,1.5,0.8679671420972382
70,600,308.15,1.75,0.8688354155887632
71,600,308.15,2.0,0.8694866207062145
72,600,313.15,0.25,0.8382103308317891
73,600,313.15,0.5,0.8561276932240007
74,600,313.15,0.75,0.8621001473516089
75,600,313.15,1.0,0.8650863744130668
76,600,313.15,1.25,0.866878110648065
77,600,313.15,1.5,0.8680726014698339
78,600,313.15,1.75,0.868925809198329
79,600,313.15,2.0,0.8695657149935284
80,600,318.15,0.25,0.8388424884528938
81,600,318.15,0.5,0.856443771549838
82,600,318.15,0.75,0.8623108659124115
83,600,318.15,1.0,0.865244413091393
84,600,318.15,1.25,0.8670045413969382
85,600,318.15,1.5,0.8681779602657654
86,600,318.15,1.75,0.8690161165993258
87,600,318.15,2.0,0.8696447338483445
88,600,323.15,0.25,0.8394740734830205
89,600,323.15,0.5,0.8567595635801862
90,600,323.15,0.75,0.8625213936095548
91,600,323.15,1.0,0.8654023086219746
92,600,323.15,1.25,0.8671308576276155
93,600,323.15,1.5,0.8682832236298672
94,600,323.15,1.75,0.8691063422016113
95,600,323.15,2.0,0.8697236811292882
96,600,328.15,0.25,0.8401051162451936
97,600,328.15,0.5,0.8570750844765577
98,600,328.15,0.75,0.8627317405507136
99,600,328.15,1.0,0.865560068585568
100,600,328.15,1.25,0.8672570654047023
101,600,328.15,1.5,0.8683883966159769
102,600,328.15,1.75,0.8691964903370463
103,600,328.15,2.0,0.8698025606267377
104,700,268.15,0.25,0.8146890171758139
105,700,268.15,0.5,0.8443670340124191
106,700,268.15,0.75,0.85425970628955
107,700,268.15,1.0,0.8592060424268128
108,700,268.15,1.25,0.8621738441081281
109,700,268.15,1.5,0.8641523785614702
110,700,268.15,1.75,0.8655656174559703
111,700,268.15,2.0,0.8666255466261945
112,700,273.15,0.25,0.81533930931544
113,700,273.15,0.5,0.8446921797878647
114,700,273.15,0.75,0.8544764699436223
115,700,273.15,1.0,0.8593686150202134
116,700,273.15,1.25,0.862303902065138
117,700,273.15,1.5,0.8642607600942295
118,700,273.15,1.75,0.8656585158285592
119,700,273.15,2.0,0.8667068326286632
120,700,278.15,0.25,0.815989316527222
121,700,278.15,0.5,0.8450171830993883
122,700,278.15,0.75,0.8546931386217467
123,700,278.15,1.0,0.859531116381653
124,700,278.15,1.25,0.862433903036579
125,700,278.15,1.5,0.8643690941390147
126,700,278.15,1.75,0.8657513734971705
127,700,278.15,2.0,0.8667880830151514
128,700,283.15,0.25,0.8166390774705731
129,700,283.15,0.5,0.8453420632766965
130,700,283.15,0.75,0.8549097252103939
131,700,283.15,1.0,0.8596935561759851
132,700,283.15,1.25,0.8625638547543337
133,700,283.15,1.5,0.8644773871390615
134,700,283.15,1.75,0.8658441959845773
135,700,283.15,2.0,0.8668693026180856
136,700,288.15,0.25,0.8172886309818824
137,700,288.15,0.5,0.8456668397379837
138,700,288.15,0.75,0.8551262426550273
139,700,288.15,1.0,0.8598559441123065
140,700,288.15,1.25,0.8626937649856802
141,700,288.15,1.5,0.8645856455671013
142,700,288.15,1.75,0.8659369888388352
143,700,288.15,2.0,0.8669504962920147
144,700,293.15,0.25,0.8179380160738761
145,700,293.15,0.5,0.8459915319896132
146,700,293.15,0.75,0.8553427039598887
147,700,293.15,1.0,0.860018289943799
148,700,293.15,1.25,0.8628236415331635
149,700,293.15,1.5,0.864693875925255
150,700,293.15,1.75,0.8660297576331909
151,700,293.15,2.0,0.8670316689135293
152,700,298.15,0.25,0.8185872719341535
153,700,298.15,0.5,0.8463161596253844
154,700,298.15,0.75,0.8555591221875115
155,700,298.15,1.0,0.8601806034673625
156,700,298.15,1.25,0.8629534922343035
157,700,298.15,1.5,0.8648020847447896
158,700,298.15,1.75,0.8661225079658728
159,700,298.15,2.0,0.8671128253810794
160,700,303.15,0.25,0.8192364379228848
161,700,303.15,0.5,0.8466407423253828
162,700,303.15,0.75,0.8557755104579522
163,700,303.15,1.0,0.8603428945230396
164,700,303.15,1.25,0.8630833249611345
165,700,303.15,1.5,0.864910278585733
166,700,303.15,1.75,0.8662152454597625
167,700,303.15,2.0,0.8671939706146863
168,700,308.15,0.25,0.8198855535696524
169,700,308.15,0.5,0.8469652998543992
170,700,308.15,0.75,0.8559918819477383
171,700,308.15,1.0,0.8605051729932257
172,700,308.15,1.25,0.8632131476195725
173,700,308.15,1.5,0.8650184640363492
174,700,308.15,1.75,0.866307975761943
175,700,308.15,2.0,0.8672751095555477
176,700,313.15,0.25,0.8205346585694198
177,700,313.15,0.5,0.8472898520599154
178,700,313.15,0.75,0.8562082498885243
179,700,313.15,1.0,0.8606674488016617
180,700,313.15,1.25,0.8633429681486104
181,700,313.15,1.5,0.8651266477124653
182,700,313.15,1.75,0.8664007045431236
183,700,313.15,2.0,0.8673562471655341
184,700,318.15,0.25,0.8211837927776036
185,700,318.15,0.5,0.84761441886964
186,700,318.15,0.75,0.8564246275654492
187,700,318.15,1.0,0.8608297319122018
188,700,318.15,1.25,0.8634727945193319
189,700,318.15,1.5,0.8652348362566509
190,700,318.15,1.75,0.8664934374969349
191,700,318.15,2.0,0.8674373884265724
192,700,323.15,0.25,0.8218329962042272
193,700,323.15,0.5,0.8479390202885844
194,700,323.15,0.75,0.8566410283151873
195,700,323.15,1.0,0.8609920323273519
196,700,323.15,1.25,0.8636026347337411
197,700,323.15,1.5,0.8653430363372431
198,700,323.15,1.75,0.866586180339095
199,700,323.15,2.0,0.8675185383399159
200,700,328.15,0.25,0.8224823090071264
201,700,328.15,0.5,0.8482636763956666
202,700,328.15,0.75,0.8568574655236839
203,700,328.15,1.0,0.8611543600865708
204,700,328.15,1.25,0.8637324968234056
205,700,328.15,1.5,0.8654512546472145
206,700,328.15,1.75,0.8666789388064371
207,700,328.15,2.0,0.8675997019252937
208,800,268.15,0.25,0.7934096517741656
209,800,268.15,0.5,0.8337273463009117
210,800,268.15,0.75,0.8471665778089177
211,800,268.15,1.0,0.8538861935622386
212,800,268.15,1.25,0.8579179630136856
213,800,268.15,1.5,0.8606058093141956
214,800,268.15,1.75,0.8625256995284561
215,800,268.15,2.0,0.8639656171888105
216,800,273.15,0.25,0.7940674585518622
217,800,273.15,0.5,0.8340562494978467
218,800,273.15,0.75,0.8473858464789406
219,800,273.15,1.0,0.8540506449688119
220,800,273.15,1.25,0.8580495240621943
221,800,273.15,1.5,0.8607154434573322
222,800,273.15,1.75,0.8626196715963304
223,800,273.15,2.0,0.8640478427002415
224,800,278.15,0.25,0.79472536966986
225,800,278.15,0.5,0.8343852048649321
226,800,278.15,0.75,0.8476051499290638
227,800,278.15,1.0,0.8542151224604605
228,800,278.15,1.25,0.8581811059787632
229,800,278.15,1.5,0.8608250949905188
230,800,278.15,1.75,0.8627136585699622
231,800,278.15,2.0,0.8641300812542101
232,800,283.15,0.25,0.7953834251886862
233,800,283.15,0.5,0.8347142324324318
234,800,283.15,0.75,0.8478245015127966
235,800,283.15,1.0,0.8543796360523161
236,800,283.15,1.25,0.8583127167754977
237,800,283.15,1.5,0.8609347705905103
238,800,283.15,1.75,0.8628076661722835
239,800,283.15,2.0,0.8642123378582821
240,800,288.15,0.25,0.7960416655951705
241,800,288.15,0.5,0.8350433524437606
242,800,288.15,0.75,0.8480439147257487
243,800,288.15,1.0,0.8545441958660863
244,800,288.15,1.25,0.8584443645497639
245,800,288.15,1.5,0.8610444770051114
246,800,288.15,1.75,0.8629017001871275
247,800,288.15,2.0,0.8642946175733116
248,800,293.15,0.25,0.7967001318034738
249,800,293.15,0.5,0.8353725853559989
250,800,293.15,0.75,0.8482634032059738
251,800,293.15,1.0,0.8547088121303112
252,800,293.15,1.25,0.8585760574843939
253,800,293.15,1.5,0.861154221053349
254,800,293.15,1.75,0.8629957664593743
255,800,293.15,2.0,0.8643769255135684
256,800,298.15,0.25,0.7973588651557539
257,800,298.15,0.5,0.8357019518402256
258,800,298.15,0.75,0.8484829807341912
259,800,298.15,1.0,0.8548734951805306
260,800,298.15,1.25,0.8587078038478192
261,800,298.15,1.5,0.8612640096255828
262,800,298.15,1.75,0.8630898708950462
263,800,298.15,2.0,0.8644592668468222
264,800,303.15,0.25,0.7980179074224899
265,800,303.15,0.5,0.8360314727816801
266,800,303.15,0.75,0.8487026612338938
267,800,303.15,1.0,0.8550382554593636
268,800,303.15,1.25,0.8588396119941357
269,800,303.15,1.5,0.8613738496835592
270,800,303.15,1.75,0.8631840194613548
271,800,303.15,2.0,0.8645416467943832
272,800,308.15,0.25,0.7986773008024448
273,800,308.15,0.5,0.8363611692797441
274,800,308.15,0.75,0.8489224587713362
275,800,308.15,1.0,0.8552031035165014
276,800,308.15,1.25,0.8589714903630961
277,800,308.15,1.5,0.8614837482604054
278,800,308.15,1.75,0.8632782181866947
279,800,308.15,2.0,0.8646240706310963
280,800,313.15,0.25,0.7993370879222726
281,800,313.15,0.5,0.8366910626477446
282,800,313.15,0.75,0.8491423875554027
283,800,313.15,1.0,0.8553680500086075
284,800,313.15,1.25,0.859103447480031
285,800,313.15,1.5,0.8615937124605637
286,800,313.15,1.75,0.8633724731605877
287,800,313.15,2.0,0.8647065436852936
288,800,318.15,0.25,0.7999973118357685
289,800,318.15,0.5,0.8370211744125792
290,800,318.15,0.75,0.8493624619373586
291,800,318.15,1.0,0.8555331056991307
292,800,318.15,1.25,0.8592354919556995
293,800,318.15,1.5,0.8617037494596668
294,800,318.15,1.75,0.8634667905335762
295,800,318.15,2.0,0.8647890713386995
296,800,323.15,0.25,0.8006580160227537
297,800,323.15,0.5,0.8373515263141583
298,800,323.15,0.75,0.8495826964104777
299,800,323.15,1.0,0.8556982814580261
300,800,323.15,1.25,0.8593676324860658
301,800,323.15,1.5,0.8618138665043514
302,800,323.15,1.75,0.8635611765170632
303,800,323.15,2.0,0.8648716590262915
304,800,328.15,0.25,0.8013192443875877
305,800,328.15,0.5,0.8376821403046619
306,800,328.15,0.75,0.8498031056095465
307,800,328.15,1.0,0.8558635882613836
308,800,328.15,1.25,0.859499877852002
309,800,328.15,1.5,0.8619240709120108
310,800,328.15,1.75,0.8636556373831001
311,800,328.15,2.0,0.8649543122361146
312,900,268.15,0.25,0.7677146788375443
313,900,268.15,0.5,0.8208798560956807
314,900,268.15,0.75,0.838601581847882
315,900,268.15,1.0,0.8474624447235996
316,900,268.15,1.25,0.8527789624487235
317,900,268.15,1.5,0.8563233075985507
318,900,268.15,1.75,0.8588549827053513
319,900,268.15,2.0,0.8607537390352602
320,900,273.15,0.25,0.768377836877106
321,900,273.15,0.5,0.8212114349834927
322,900,273.15,0.75,0.8388226343517814
323,900,273.15,1.0,0.8476282340355457
324,900,273.15,1.25,0.8529115938455001
325,900,273.15,1.5,0.8564338337185498
326,900,273.15,1.75,0.8589497193419394
327,900,273.15,2.0,0.8608366335592917
328,900,278.15,0.25,0.7690413782075215
329,900,278.15,0.5,0.8215432055167315
330,900,278.15,0.75,0.8390438146192988
331,900,278.15,1.0,0.8477941191702053
332,900,278.15,1.25,0.8530443019004476
333,900,278.15,1.5,0.8565444237203577
334,900,278.15,1.75,0.8590445107343638
335,900,278.15,2.0,0.8609195759946798
336,900,283.15,0.25,0.7697053433713789
337,900,283.15,0.5,0.8218751879666915
338,900,283.15,0.75,0.8392651361646302
339,900,283.15,1.0,0.8479601102632254
340,900,283.15,1.25,0.8531770947220834
341,900,283.15,1.5,0.8566550843610726
342,900,283.15,1.75,0.8591393626744227
343,900,283.15,2.0,0.8610025714092483
344,900,288.15,0.25,0.7703697734681344
345,900,288.15,0.5,0.8222074028831002
346,900,288.15,0.75,0.8394866126875942
347,900,288.15,1.0,0.84812621758947
348,900,288.15,1.25,0.8533099805302988
349,900,288.15,1.5,0.856765822490604
350,900,288.15,1.75,0.8592342810334671
351,900,288.15,2.0,0.8610856249404291
352,900,293.15,0.25,0.7710347101551143
353,900,293.15,0.5,0.8225398710946212
354,900,293.15,0.75,0.8397082580739663
355,900,293.15,1.0,0.8482924515632708
356,900,293.15,1.25,0.8534429676565591
357,900,293.15,1.5,0.8568766450518394
358,900,293.15,1.75,0.8593292717625436
359,900,293.15,2.0,0.8611687417953878
360,900,298.15,0.25,0.7717001956483236
361,900,298.15,0.5,0.8228726137092571
362,900,298.15,0.75,0.8399300863957482
363,900,298.15,1.0,0.8484588227386289
364,900,298.15,1.25,0.8535760645440653
365,900,298.15,1.5,0.8569875590807796
366,900,298.15,1.75,0.85942434089251
367,900,298.15,2.0,0.8612519272511253
368,900,303.15,0.25,0.7723662727231011
369,900,303.15,0.5,0.8232056521146769
370,900,303.15,0.75,0.8401521119113863
371,900,303.15,1.0,0.848625341809379
372,900,303.15,1.25,0.8537092797478851
373,900,303.15,1.5,0.8570985717066479
374,900,303.15,1.75,0.8595194945341289
375,900,303.15,2.0,0.8613351866545588
376,900,308.15,0.25,0.7730329847145883
377,900,308.15,0.5,0.8235390079784516
378,900,308.15,0.75,0.8403743490659276
379,900,308.15,1.0,0.8487920196093065
380,900,308.15,1.25,0.853842621935047
381,900,308.15,1.5,0.8572096901519679
382,900,308.15,1.75,0.859614738878135
383,900,308.15,2.0,0.8614185254225808
384,900,313.15,0.25,0.7737003755180373
385,900,313.15,0.5,0.8238727032482073
386,900,313.15,0.75,0.8405968124911226
387,900,313.15,1.0,0.8489588671122246
388,900,313.15,1.25,0.8539760998846009
389,900,313.15,1.5,0.8573209217326148
390,900,313.15,1.75,0.8597100801952784
391,900,313.15,2.0,0.8615019490420983
392,900,318.15,0.25,0.7743684895889428
393,900,318.15,0.5,0.8242067601516911
394,900,318.15,0.75,0.8408195170054701
395,900,318.15,1.0,0.8491258954320067
396,900,318.15,1.25,0.8541097224876465
397,900,318.15,1.5,0.8574322738578377
398,900,318.15,1.75,0.8598055248363442
399,900,318.15,2.0,0.8615854630700478
400,900,323.15,0.25,0.7750373719430035
401,900,323.15,0.5,0.8245412011967526
402,900,323.15,0.75,0.8410424776142025
403,900,323.15,1.0,0.8492931158225776
404,900,323.15,1.25,0.854243498747323
405,900,323.15,1.5,0.8575437540302532
406,900,323.15,1.75,0.8599010792321465
407,900,323.15,2.0,0.8616690731333916
408,900,328.15,0.25,0.775707068155912
409,900,328.15,0.5,0.8248760491712379
410,900,328.15,0.75,0.8412657095092175
411,900,328.15,1.0,0.8494605396778605
412,900,328.15,1.25,0.8543774377787688
413,900,328.15,1.5,0.85765536984581
414,900,328.15,1.75,0.8599967498934986
415,900,328.15,2.0,0.8617527849290915
416,1000,268.15,0.25,0.736531748751253
417,1000,268.15,0.5,0.8052883882213869
418,1000,268.15,0.75,0.828207268044461
419,1000,268.15,1.0,0.8396667079557698
420,1000,268.15,1.25,0.8465423719023727
421,1000,268.15,1.5,0.8511261478666228
422,1000,268.15,1.75,0.8544002735552425
423,1000,268.15,2.0,0.8568558678215933
424,1000,273.15,0.25,0.7371990558072127
425,1000,273.15,0.5,0.8056220416547725
426,1000,273.15,0.75,0.8284297036036572
427,1000,273.15,1.0,0.839833534577873
428,1000,273.15,1.25,0.8466758331622213
429,1000,273.15,1.5,0.8512373655516359
430,1000,273.15,1.75,0.8544956029725169
431,1000,273.15,2.0,0.8569392810380645
432,1000,278.15,0.25,0.7378669562768376
433,1000,278.15,0.5,0.8059559917949907
434,1000,278.15,0.75,0.8286523369674085
435,1000,278.15,1.0,0.8400005095533924
436,1000,278.15,1.25,0.8468094131048031
437,1000,278.15,1.5,0.8513486821389268
438,1000,278.15,1.75,0.8545910171631723
439,1000,278.15,2.0,0.8570227684312441
440,1000,283.15,0.25,0.7385354908595103
441,1000,283.15,0.5,0.8062902589917328
442,1000,283.15,0.75,0.8288751817021758
443,1000,283.15,1.0,0.840167643057174
444,1000,283.15,1.25,0.8469431198699942
445,1000,283.15,1.5,0.8514601044117255
446,1000,283.15,1.75,0.8546865219414058
447,1000,283.15,2.0,0.8571063350885546
448,1000,288.15,0.25,0.7392047008858976
449,1000,288.15,0.5,0.8066248639103323
450,1000,288.15,0.75,0.829098251584848
451,1000,288.15,1.0,0.8403349454218841
452,1000,288.15,1.25,0.8470769617239283
453,1000,288.15,1.5,0.8515716392584766
454,1000,288.15,1.75,0.8547821232115987
455,1000,288.15,2.0,0.8571899861763295
456,1000,293.15,0.25,0.7398746283186597
457,1000,293.15,0.5,0.806959827532119
458,1000,293.15,0.75,0.8293215606029785
459,1000,293.15,1.0,0.840502427138188
460,1000,293.15,1.25,0.8472109470591375
461,1000,293.15,1.5,0.851683293672957
462,1000,293.15,1.75,0.8548778269684166
463,1000,293.15,2.0,0.8572737269399011
464,1000,298.15,0.25,0.7405453157530654
465,1000,298.15,0.5,0.8072951711547276
466,1000,298.15,0.75,0.82954512295499
467,1000,298.15,1.0,0.8406700988549026
468,1000,298.15,1.25,0.8473450843946752
469,1000,298.15,1.5,0.8517950747543779
470,1000,298.15,1.75,0.8549736392968977
471,1000,298.15,2.0,0.8573575627036782
472,1000,303.15,0.25,0.7412168064175124
473,1000,303.15,0.5,0.8076309163923568
474,1000,303.15,0.75,0.8297689530503489
475,1000,303.15,1.0,0.8408379713791277
476,1000,303.15,1.25,0.8474793823762214
477,1000,303.15,1.5,0.8519069897074725
478,1000,303.15,1.75,0.8550695663725276
479,1000,303.15,2.0,0.8574414988712106
480,1000,308.15,0.25,0.7418891441739655
481,1000,308.15,0.5,0.8079670851759891
482,1000,308.15,0.75,0.8299930655097096
483,1000,308.15,1.0,0.8410060556763543
484,1000,308.15,1.25,0.8476138497761686
485,1000,308.15,1.5,0.8520190458425678
486,1000,308.15,1.75,0.8551656144613013
487,1000,308.15,2.0,0.8575255409252436
488,1000,313.15,0.25,0.742562373518295
489,1000,313.15,0.5,0.8083036997535598
490,1000,313.15,0.75,0.8302174751650293
491,1000,313.15,1.0,0.84117436287055
492,1000,313.15,1.25,0.8477484954936912
493,1000,313.15,1.5,0.8521312505756428
494,1000,313.15,1.75,0.8552617899197715
495,1000,313.15,2.0,0.8576096944277612
496,1000,318.15,0.25,0.7432365395805304
497,1000,318.15,0.5,0.8086407826900831
498,1000,318.15,0.75,0.8304421970596507
499,1000,318.15,1.0,0.8413429042442221
500,1000,318.15,1.25,0.8478833285547951
501,1000,318.15,1.5,0.8522436114283686
502,1000,318.15,1.75,0.8553580991950855
503,1000,318.15,2.0,0.857693965020017
504,1000,323.15,0.25,0.7439116881250238
505,1000,323.15,0.5,0.8089783568677356
506,1000,323.15,0.75,0.8306672464483583
507,1000,323.15,1.0,0.8415116912384588
508,1000,323.15,1.25,0.8480183581123504
509,1000,323.15,1.5,0.8523561360281375
510,1000,323.15,1.75,0.8554545488250079
511,1000,323.15,2.0,0.8577783584225551
512,1000,328.15,0.25,0.7445878655505219
513,1000,328.15,0.5,0.8093164454858903
514,1000,328.15,0.75,0.8308926387974007
515,1000,328.15,1.0,0.8416807354529466
516,1000,328.15,1.25,0.8481535934461067
517,1000,328.15,1.5,0.8524688321080738
518,1000,328.15,1.75,0.8555511454379308
519,1000,328.15,2.0,0.8578628804352189
520,1100,268.15,0.25,0.6986590638366246
521,1100,268.15,0.5,0.7863520435801215
522,1100,268.15,0.75,0.815583036827764
523,1100,268.15,1.0,0.830198533451443
524,1100,268.15,1.25,0.8389678314255365
525,1100,268.15,1.5,0.8448140300748374
526,1100,268.15,1.75,0.848989886252828
527,1100,268.15,2.0,0.8521217783862498
528,1100,273.15,0.25,0.6993298868317392
529,1100,273.15,0.5,0.7866874550075832
530,1100,273.15,0.75,0.8158066443993426
531,1100,273.15,1.0,0.8303662390950808
532,1100,273.15,1.25,0.8391019959124104
533,1100,273.15,1.5,0.8449258337905361
534,1100,273.15,1.75,0.8490857179891164
535,1100,273.15,2.0,0.8522056311379808
536,1100,278.15,0.25,0.7000014680310319
537,1100,278.15,0.5,0.7870232455371339
538,1100,278.15,0.75,0.8160305047056471
539,1100,278.15,1.0,0.8305341342897631
540,1100,278.15,1.25,0.8392363120401202
541,1100,278.15,1.5,0.8450377638735979
542,1100,278.15,1.75,0.8491816580402873
543,1100,278.15,2.0,0.8522895786652341
544,1100,283.15,0.25,0.700673848161575
545,1100,283.15,0.5,0.7873594355323098
546,1100,283.15,0.75,0.8162546313223684
547,1100,283.15,1.0,0.830702229217258
548,1100,283.15,1.25,0.8393707879540799
549,1100,283.15,1.5,0.845149827111868
550,1100,283.15,1.75,0.849277712224494
551,1100,283.15,2.0,0.8523736260588936
552,1100,288.15,0.25,0.7013470686265013
553,1100,288.15,0.5,0.7876960456946773
554,1100,288.15,0.75,0.8164790380505508
555,1100,288.15,1.0,0.8308705342283487
556,1100,288.15,1.25,0.8395054319349162
557,1100,288.15,1.5,0.8452620304058687
558,1100,288.15,1.75,0.8493738864564696
559,1100,288.15,2.0,0.852457778494351
560,1100,293.15,0.25,0.702021171505454
561,1100,293.15,0.5,0.7880330970640581
562,1100,293.15,0.75,0.816703738916742
563,1100,293.15,1.0,0.831039059842946
564,1100,293.15,1.25,0.8396402523985579
565,1100,293.15,1.5,0.845374380768874
566,1100,293.15,1.75,0.849470186747592
567,1100,293.15,2.0,0.8525420412315617
568,1100,298.15,0.25,0.7026961995549963
569,1100,298.15,0.5,0.7883706110187336
570,1100,298.15,0.75,0.8169287481731298
571,1100,298.15,1.0,0.8312078167501907
572,1100,298.15,1.25,0.8397752578963175
573,1100,298.15,1.5,0.8454868853269772
574,1100,298.15,1.75,0.8495666192059415
575,1100,298.15,2.0,0.8526264196150961
576,1100,303.15,0.25,0.7033721962089561
577,1100,303.15,0.5,0.7887086092756179
578,1100,303.15,0.75,0.8171540802976566
579,1100,303.15,1.0,0.8313768158085397
580,1100,303.15,1.25,0.8399104571149605
581,1100,303.15,1.5,0.8455995513191501
582,1100,303.15,1.75,0.8496631900363506
583,1100,303.15,2.0,0.8527109190741828
584,1100,308.15,0.25,0.7040492055787322
585,1100,308.15,0.5,0.7890471138904103
586,1100,308.15,0.75,0.8173797499941223
587,1100,308.15,1.0,0.8315460680458429
588,1100,308.15,1.25,0.8400458588767669
589,1100,308.15,1.5,0.8457123860972925
590,1100,308.15,1.75,0.8497599055404477
591,1100,308.15,2.0,0.8527955451227464
592,1100,313.15,0.25,0.7047272724535416
593,1100,313.15,0.5,0.7893861472577194
594,1100,313.15,0.75,0.8176057721922658
595,1100,313.15,1.0,0.8317155846594044
596,1100,313.15,1.25,0.8401814721395798
597,1100,313.15,1.5,0.8458253971262738
598,1100,313.15,1.75,0.8498567721166924
599,1100,313.15,2.0,0.8528803033594392
600,1100,318.15,0.25,0.7054064423006182
601,1100,318.15,0.5,0.789725732111162
602,1100,318.15,0.75,0.8178321620478316
603,1100,318.15,1.0,0.8318853770160327
604,1100,318.15,1.25,0.8403173059968463
605,1100,318.15,1.5,0.8459385919839661
606,1100,318.15,1.75,0.8499537962604039
607,1100,318.15,2.0,0.8529651994676655
608,1100,323.15,0.25,0.7060867612653632
609,1100,323.15,0.5,0.7900658915234389
610,1100,323.15,0.75,0.8180589349426203
611,1100,323.15,1.0,0.832055456652078
612,1100,323.15,1.25,0.8404533696776464
613,1100,323.15,1.5,0.84605197836127
614,1100,323.15,1.75,0.8500509845637824
615,1100,323.15,2.0,0.8530502392156002
616,1100,328.15,0.25,0.7067682761714451
617,1100,328.15,0.5,0.7904066489063843
618,1100,328.15,0.75,0.8182861064845212
619,1100,328.15,1.0,0.8322258352734576
620,1100,328.15,1.25,0.8405896725467139
621,1100,328.15,1.5,0.8461655640621301
622,1100,328.15,1.75,0.8501483437159232
623,1100,328.15,2.0,0.853135428456202
624,1200,268.15,0.25,0.652768087433397
625,1200,268.15,0.5,0.7634065536640766
626,1200,268.15,0.75,0.8002860424075132
627,1200,268.15,1.0,0.8187257867791392
628,1200,268.15,1.25,0.8297896334020407
629,1200,268.15,1.5,0.8371655311505802
630,1200,268.15,1.75,0.8424340295423414
631,1200,268.15,2.0,0.8463854033361159
632,1200,273.15,0.25,0.6534421774858391
633,1200,273.15,0.5,0.7637435986369234
634,1200,273.15,0.75,0.8005107390204956
635,1200,273.15,1.0,0.8188943092121898
636,1200,273.15,1.25,0.8299244513271326
637,1200,273.15,1.5,0.8372778794036999
638,1200,273.15,1.75,0.8425303280297669
639,1200,273.15,2.0,0.8464696644992712
640,1200,278.15,0.25,0.6541171595610092
641,1200,278.15,0.5,0.7640810896211342
642,1200,278.15,0.75,0.8007357329743872
643,1200,278.15,1.0,0.8190630546509222
644,1200,278.15,1.25,0.83005944765677
645,1200,278.15,1.5,0.8373903763272744
646,1200,278.15,1.75,0.842626753949011
647,1200,278.15,2.0,0.8465540371652677
648,1200,283.15,0.25,0.6547930743526823
649,1200,283.15,0.5,0.7644190469635963
650,1200,283.15,0.75,0.8009610378337797
651,1200,283.15,1.0,0.8192320332687804
652,1200,283.15,1.25,0.8301946305297081
653,1200,283.15,1.5,0.8375030287035993
654,1200,283.15,1.75,0.8427233131134696
655,1200,283.15,2.0,0.8466385264208268
656,1200,288.15,0.25,0.6554699632586426
657,1200,288.15,0.5,0.764757491363202
658,1200,288.15,0.75,0.8011866673979345
659,1200,288.15,1.0,0.8194012554152104
660,1200,288.15,1.25,0.8303300082255036
661,1200,288.15,1.5,0.8376158434323053
662,1200,288.15,1.75,0.8428200114371122
663,1200,288.15,2.0,0.846723137440672
664,1200,293.15,0.25,0.6561478683809607
665,1200,293.15,0.5,0.7650964438709869
666,1200,293.15,0.75,0.8014126357008755
667,1200,293.15,1.0,0.8195707316157299
668,1200,293.15,1.25,0.8304655891645707
669,1200,293.15,1.5,0.8377288275304045
670,1200,293.15,1.75,0.8429168549345201
671,1200,293.15,2.0,0.8468078754875618
672,1200,298.15,0.25,0.6568268325262394
673,1200,298.15,0.5,0.7654359258902518
674,1200,298.15,0.75,0.8016389570114699
675,1200,298.15,1.0,0.8197404725719896
676,1200,298.15,1.25,0.8306013819082297
677,1200,298.15,1.5,0.8378419881323302
678,1200,298.15,1.75,0.8430138497209224
679,1200,298.15,2.0,0.8468927459123217
680,1200,303.15,0.25,0.6575068992058216
681,1200,303.15,0.5,0.7657759591766685
682,1200,303.15,0.75,0.8018656458334987
683,1200,303.15,1.0,0.819910489161825
684,1200,303.15,1.25,0.8307373951587497
685,1200,303.15,1.5,0.8379553324899733
686,1200,303.15,1.75,0.8431110020122252
687,1200,303.15,2.0,0.8469777541538696
688,1200,308.15,0.25,0.658188112635982
689,1200,308.15,0.5,0.7661165658383743
690,1200,308.15,0.75,0.8020927169057205
691,1200,308.15,1.0,0.8200807924393051
692,1200,308.15,1.25,0.8308736377593852
693,1200,308.15,1.5,0.8380688679727127
694,1200,308.15,1.75,0.8432083181250392
695,1200,308.15,2.0,0.8470629057392397
696,1200,313.15,0.25,0.6588705177380739
697,1200,313.15,0.5,0.766457768336046
698,1200,313.15,0.75,0.8023201852019194
699,1200,313.15,1.0,0.8202513936347681
700,1200,313.15,1.25,0.8310101186944069
701,1200,313.15,1.5,0.8381826020674409
702,1200,313.15,1.75,0.8433058044767006
703,1200,313.15,2.0,0.8471482062836013
704,1200,318.15,0.25,0.6595541601386566
705,1200,318.15,0.5,0.7667995894829629
706,1200,318.15,0.75,0.8025480659309485
707,1200,318.15,1.0,0.8204223041548537
708,1200,318.15,1.25,0.8311468470891269
709,1200,318.15,1.5,0.838296542378584
710,1200,318.15,1.75,0.8434034675852891
711,1200,318.15,2.0,0.8472336614902741
712,1200,323.15,0.25,0.6602390861695939
713,1200,323.15,0.5,0.7671420524450573
714,1200,323.15,0.75,0.8027763745367623
715,1200,323.15,1.0,0.820593535582528
716,1200,323.15,1.25,0.8312838322099178
717,1200,323.15,1.5,0.8384106966281196
718,1200,323.15,1.75,0.8435013140696427
719,1200,323.15,2.0,0.8473192771507415
720,1200,328.15,0.25,0.6609253428681188
721,1200,328.15,0.5,0.7674851807409453
722,1200,328.15,0.75,0.8030051266984388
723,1200,328.15,1.0,0.8207650996770992
724,1200,328.15,1.25,0.8314210834642262
725,1200,328.15,1.5,0.8385250726555865
726,1200,328.15,1.75,0.8435993506493659
727,1200,328.15,2.0,0.8474050591446571
728,1300,268.15,0.25,0.5974051386968692
729,1300,268.15,0.5,0.7357250779281191
730,1300,268.15,0.75,0.781831724338453
731,1300,268.15,1.0,0.8048850475435578
732,1300,268.15,1.25,0.8187170414665711
733,1300,268.15,1.5,0.8279383707485385
734,1300,268.15,1.75,0.8345250345213369
735,1300,268.15,2.0,0.8394650323509046
736,1300,273.15,0.25,0.5980825403621735
737,1300,273.15,0.5,0.736063778719197
738,1300,273.15,0.75,0.7820575248381225
739,1300,273.15,1.0,0.8050543978975234
740,1300,273.15,1.25,0.8188525217331145
741,1300,273.15,1.5,0.8280512709568008
742,1300,273.15,1.75,0.8346218061165414
743,1300,273.15,2.0,0.8395497074863159
744,1300,278.15,0.25,0.5987609461668845
745,1300,278.15,0.5,0.7364029815799783
746,1300,278.15,0.75,0.7822836600509275
747,1300,278.15,1.0,0.8052239992863407
748,1300,278.15,1.25,0.8189882028275394
749,1300,278.15,1.5,0.8281643385216308
750,1300,278.15,1.75,0.8347187211602324
751,1300,278.15,2.0,0.8396345081391529
752,1300,283.15,0.25,0.5994403967346487
753,1300,283.15,0.5,0.736742706822286
754,1300,283.15,0.75,0.7825101435180836
755,1300,283.15,1.0,0.8053938618659213
756,1300,283.15,1.25,0.8191240928745748
757,1300,283.15,1.5,0.8282775802136364
758,1300,283.15,1.75,0.8348157854557882
759,1300,283.15,2.0,0.8397194393873716
760,1300,288.15,0.25,0.6001209334110356
761,1300,288.15,0.5,0.7370829751189053
762,1300,288.15,0.75,0.7827369890214473
763,1300,288.15,1.0,0.8055639959726574
764,1300,288.15,1.25,0.8192602001433348
765,1300,288.15,1.5,0.8283910029237457
766,1300,288.15,1.75,0.8349130049097188
767,1300,288.15,2.0,0.8398045063991681
768,1300,293.15,0.25,0.6008025982637036
769,1300,293.15,0.5,0.737423807503665
770,1300,293.15,0.75,0.7829642105835714
771,1300,293.15,1.0,0.8057344121234639
772,1300,293.15,1.25,0.8193965330473509
773,1300,293.15,1.5,0.8285046136632352
774,1300,293.15,1.75,0.8350103855316894
775,1300,293.15,2.0,0.8398897144329998
776,1300,298.15,0.25,0.6014854340825282
777,1300,298.15,0.5,0.737765225371503
778,1300,298.15,0.75,0.7831918224677475
779,1300,298.15,1.0,0.8059051210158096
780,1300,298.15,1.25,0.8195331001445985
781,1300,298.15,1.5,0.8286184195637509
782,1300,298.15,1.75,0.8351079334345396
783,1300,298.15,2.0,0.839975068837601
784,1300,303.15,0.25,0.6021694843797221
785,1300,303.15,0.5,0.7381072504785257
786,1300,303.15,0.75,0.7834198391780469
787,1300,303.15,1.0,0.8060761335277475
788,1300,303.15,1.25,0.8196699101375199
789,1300,303.15,1.5,0.828732427877328
790,1300,303.15,1.75,0.8352056548342996
791,1300,303.15,2.0,0.8400605750519985
792,1300,308.15,0.25,0.602854793389937
793,1300,308.15,0.5,0.7384499049420589
794,1300,308.15,0.75,0.7836482754593532
795,1300,308.15,1.0,0.8062474607179407
796,1300,308.15,1.25,0.8198069718730454
797,1300,308.15,1.5,0.8288466459764087
798,1300,308.15,1.75,0.8353035560502057
799,1300,308.15,2.0,0.8401462386055235
800,1300,313.15,0.25,0.6035414060703402
801,1300,313.15,0.5,0.7387932112406862
802,1300,313.15,0.75,0.783877146297389
803,1300,313.15,1.0,0.806419113825681
804,1300,313.15,1.25,0.8199442943426087
805,1300,313.15,1.5,0.8289610813538542
806,1300,313.15,1.75,0.8354016435047099
807,1300,313.15,2.0,0.840232065117822
808,1300,318.15,0.25,0.604229368100688
809,1300,318.15,0.5,0.7391371922142859
810,1300,318.15,0.75,0.7841064669187395
811,1300,318.15,1.0,0.8065911042709074
812,1300,318.15,1.25,0.8200818866821608
813,1300,318.15,1.5,0.8290757416229569
814,1300,318.15,1.75,0.8354999237234919
815,1300,318.15,2.0,0.8403180602988637
816,1300,323.15,0.25,0.6049187258833595
817,1300,323.15,0.5,0.7394818710640472
818,1300,323.15,0.75,0.7843362527908648
819,1300,323.15,1.0,0.8067634436542147
820,1300,323.15,1.25,0.8202197581721776
821,1300,323.15,1.5,0.8291906345174471
822,1300,323.15,1.75,0.8355984033354631
823,1300,323.15,2.0,0.8404042299489457
824,1300,328.15,0.25,0.6056095265434014
825,1300,328.15,0.5,0.7398272713524938
826,1300,328.15,0.75,0.7845665196221134
827,1300,328.15,1.0,0.8069361437568647
828,1300,328.15,1.25,0.8203579182376687
829,1300,328.15,1.5,0.829305767891499
830,1300,328.15,1.75,0.835697089072773
831,1300,328.15,2.0,0.8404905799586991
832,1400,268.15,0.25,
833,1400,268.15,0.5,0.7025187659514223
834,1400,268.15,0.75,0.7596941822826435
835,1400,268.15,1.0,0.7882818904482112
836,1400,268.15,1.25,0.8054345153475174
837,1400,268.15,1.5,0.8168695986136929
838,1400,268.15,1.75,0.8250375152323651
839,1400,268.15,2.0,0.831163452696348
840,1400,273.15,0.25,
841,1400,273.15,0.5,0.702859269384207
842,1400,273.15,0.75,0.7599211845491597
843,1400,273.15,1.0,0.7884521421315934
844,1400,273.15,1.25,0.8055707166810194
845,1400,273.15,1.5,0.8169830997139416
846,1400,273.15,1.75,0.8251348018802901
847,1400,273.15,2.0,0.83124857850503
848,1400,278.15,0.25,
849,1400,278.15,0.5,0.7032003232209203
850,1400,278.15,0.75,0.7601485537516284
851,1400,278.15,1.0,0.7886226690169399
852,1400,278.15,1.25,0.8057071381760929
853,1400,278.15,1.5,0.8170967842821663
854,1400,278.15,1.75,0.8252322457864802
855,1400,278.15,2.0,0.8313338419146944
856,1400,283.15,0.25,
857,1400,283.15,0.5,0.7035419477245093
858,1400,283.15,0.75,0.7603763033986809
859,1400,283.15,1.0,0.7887934812357243
860,1400,283.15,1.25,0.8058437879379164
861,1400,283.15,1.5,0.817210659072683
862,1400,283.15,1.75,0.8253298527403491
863,1400,283.15,2.0,0.8314192479910776
864,1400,288.15,0.25,
865,1400,288.15,0.5,0.7038841635247411
866,1400,288.15,0.75,0.7606044472434952
867,1400,288.15,1.0,0.7889645891028301
868,1400,288.15,1.25,0.8059806742183973
869,1400,288.15,1.5,0.8173247309620806
870,1400,288.15,1.75,0.8254276286361161
871,1400,288.15,2.0,0.8315048018916215
872,1400,293.15,0.25,
873,1400,293.15,0.5,0.7042269916182462
874,1400,293.15,0.75,0.7608329992838251
875,1400,293.15,1.0,0.7891360031165726
876,1400,293.15,1.25,0.8061178054161874
877,1400,293.15,1.5,0.8174390069492359
878,1400,293.15,1.75,0.825525579472818
879,1400,293.15,2.0,0.8315905088654837
880,1400,298.15,0.25,
881,1400,298.15,0.5,0.7045704533685504
882,1400,298.15,0.75,0.761061973762021
883,1400,298.15,1.0,0.7893077339587146
884,1400,298.15,1.25,0.8062551900766971
885,1400,298.15,1.5,0.8175534941553244
886,1400,298.15,1.75,0.82562371135432
887,1400,298.15,2.0,0.8316763742535457
888,1400,303.15,0.25,
889,1400,303.15,0.5,0.7049145705061033
890,1400,303.15,0.75,0.7612913851650495
891,1400,303.15,1.0,0.7894797924944807
892,1400,303.15,1.25,0.8063928368921064
893,1400,303.15,1.5,0.817668199823829
894,1400,303.15,1.75,0.8257220304893214
895,1400,303.15,2.0,0.8317624034884199
896,1400,308.15,0.25,
897,1400,308.15,0.5,0.7052593651282989
898,1400,308.15,0.75,0.7615212482245063
899,1400,308.15,1.0,0.7896521897725686
900,1400,308.15,1.25,0.8065307547013728
901,1400,308.15,1.5,0.8177831313205479
902,1400,308.15,1.75,0.8258205431913637
903,1400,308.15,2.0,0.8318486020944548
904,1400,313.15,0.25,
905,1400,313.15,0.5,0.7056048596994934
906,1400,313.15,0.75,0.7617515779166291
907,1400,313.15,1.0,0.7898249370251557
908,1400,313.15,1.25,0.8066689524902386
909,1400,313.15,1.5,0.8178982961335998
910,1400,313.15,1.75,0.8259192558788342
911,1400,313.15,2.0,0.8319349756877394
912,1400,318.15,0.25,
913,1400,318.15,0.5,0.7059510770510156
914,1400,318.15,0.75,0.7619823894623036
915,1400,318.15,1.0,0.7899980456679065
916,1400,318.15,1.25,0.8068074393912356
917,1400,318.15,1.5,0.8180137018734275
918,1400,318.15,1.75,0.8260181750749698
919,1400,318.15,2.0,0.8320215299761058
920,1400,323.15,0.25,
921,1400,323.15,0.5,0.7062980403811749
922,1400,323.15,0.75,0.7622136983270696
923,1400,323.15,1.0,0.7901715272999762
924,1400,323.15,1.25,0.8069462246836875
925,1400,323.15,1.5,0.8181293562728009
926,1400,323.15,1.75,0.8261173074078588
927,1400,323.15,2.0,0.8321082707591317
928,1400,328.15,0.25,
929,1400,328.15,0.5,0.7066457732552595
930,1400,328.15,0.75,0.7624455202211192
931,1400,328.15,1.0,0.7903453937040084
932,1400,328.15,1.25,0.8070853177937093
933,1400,328.15,1.5,0.8182452671868163
934,1400,328.15,1.75,0.8262166596104407
935,1400,328.15,2.0,0.8321952039281388
936,1500,268.15,0.25,
937,1500,268.15,0.5,0.662937208318101
938,1500,268.15,0.75,0.7333064765885499
939,1500,268.15,1.0,0.7684911107237439
940,1500,268.15,1.25,0.7896018912048359
941,1500,268.15,1.5,0.8036757448588769
942,1500,268.15,1.75,0.8137284974688889
943,1500,268.15,2.0,0.8212680619263826
944,1500,273.15,0.25,
945,1500,273.15,0.5,0.6632797759522885
946,1500,273.15,0.75,0.7335348549935777
947,1500,273.15,1.0,0.7686623945141919
948,1500,273.15,1.25,0.7897389182265362
949,1500,273.15,1.5,0.8037899340347455
950,1500,273.15,1.75,0.8138263738977348
951,1500,273.15,2.0,0.8213537037949616
952,1500,278.15,0.25,
953,1500,278.15,0.5,0.6636229368007257
954,1500,278.15,0.75,0.7337636288747721
955,1500,278.15,1.0,0.7688339749117649
956,1500,278.15,1.25,0.7898761825339365
957,1500,278.15,1.5,0.8039043209486973
958,1500,278.15,1.75,0.8139244198163664
959,1500,278.15,2.0,0.8214394939671031
960,1500,283.15,0.25,
961,1500,283.15,0.5,0.6639667110661477
962,1500,283.15,0.75,0.7339928117006227
963,1500,283.15,1.0,0.7690058620178302
964,1500,283.15,1.25,0.7900136922081307
965,1500,283.15,1.5,0.8040189123349775
966,1500,283.15,1.75,0.8140226409969937
967,1500,283.15,2.0,0.821525437493491
968,1500,288.15,0.25,
969,1500,288.15,0.5,0.6643111193220118
970,1500,288.15,0.75,0.7342224171867682
971,1500,288.15,1.0,0.7691780661191165
972,1500,288.15,1.25,0.7901514554785015
973,1500,288.15,1.5,0.804133715051405
974,1500,288.15,1.75,0.8141210433177474
975,1500,288.15,2.0,0.8216115395174892
976,1500,293.15,0.25,
977,1500,293.15,0.5,0.6646561825125147
978,1500,293.15,0.75,0.7344524592960064
979,1500,293.15,1.0,0.7693505976877224
980,1500,293.15,1.25,0.7902894807227281
981,1500,293.15,1.5,0.8042487360793787
982,1500,293.15,1.75,0.8142196327626835
983,1500,293.15,2.0,0.8216978052751471
984,1500,298.15,0.25,
985,1500,298.15,0.5,0.665001921952605
986,1500,298.15,0.75,0.7346829522383027
987,1500,298.15,1.0,0.7695234673811219
988,1500,298.15,1.25,0.7904277764667895
989,1500,298.15,1.5,0.8043639825238816
990,1500,298.15,1.75,0.8143184154217874
991,1500,298.15,2.0,0.821784240095202
992,1500,303.15,0.25,
993,1500,303.15,0.5,0.6653483593279892
994,1500,303.15,0.75,0.7349139104707949
995,1500,303.15,1.0,0.7696966860421682
996,1500,303.15,1.25,0.7905663513849686
997,1500,303.15,1.5,0.8044794616134823
998,1500,303.15,1.75,0.8144173974909753
999,1500,303.15,2.0,0.8218708493990802
1000,1500,308.15,0.25,
1001,1500,308.15,0.5,0.6656955166951399
1002,1500,308.15,0.75,0.7351453486977982
1003,1500,308.15,1.0,0.7698702646990979
1004,1500,308.15,1.25,0.7907052142998542
1005,1500,308.15,1.5,0.8045951807003388
1006,1500,308.15,1.75,0.8145165852720966
1007,1500,308.15,2.0,0.8219576387009002
1008,1500,313.15,0.25,
1009,1500,313.15,0.5,0.6660434164812931
1010,1500,313.15,0.75,0.7353772818708031
1011,1500,313.15,1.0,0.7700442145655289
1012,1500,313.15,1.25,0.7908443741823408
1013,1500,313.15,1.5,0.8047111472601958
1014,1500,313.15,1.75,0.8146159851729328
1015,1500,313.15,2.0,0.8220446136074707
1016,1500,318.15,0.25,
1017,1500,318.15,0.5,0.6663920814844495
1018,1500,318.15,0.75,0.735609725188477
1019,1500,318.15,1.0,0.7702185470404614
1020,1500,318.15,1.25,0.7909838401516287
1021,1500,318.15,1.5,0.8048273688923875
1022,1500,318.15,1.75,0.8147156037071984
1023,1500,318.15,2.0,0.8221317798182921
1024,1500,323.15,0.25,
1025,1500,323.15,0.5,0.6667415348733688
1026,1500,323.15,0.75,0.7358426940966593
1027,1500,323.15,1.0,0.7703932737082754
1028,1500,323.15,1.25,0.7911236214752217
1029,1500,323.15,1.5,0.8049438533198333
1030,1500,323.15,1.75,0.8148154474945393
1031,1500,323.15,2.0,0.8222191431255542
1032,1500,328.15,0.25,
1033,1500,328.15,0.5,0.6670918001875598
1034,1500,328.15,0.75,0.7360762042883561
1035,1500,328.15,1.0,0.7705684063387253
1036,1500,328.15,1.25,0.7912637275689235
1037,1500,328.15,1.5,0.8050606083890365
1038,1500,328.15,1.75,0.8149155232605292
1039,1500,328.15,2.0,0.8223067094141341
1040,1600,268.15,0.25,
1041,1600,268.15,0.5,0.6160688348627738
1042,1600,268.15,0.75,0.7020608937828582
1043,1600,268.15,1.0,0.7450569232428783
1044,1600,268.15,1.25,0.7708545409188728
1045,1600,268.15,1.5,0.7880529527028544
1046,1600,268.15,1.75,0.8003375325485429
1047,1600,268.15,2.0,0.8095509674327983
1048,1600,273.15,0.25,
1049,1600,273.15,0.5,0.6164138404863723
1050,1600,273.15,0.75,0.7022908975173788
1051,1600,273.15,1.0,0.7452294260328601
1052,1600,273.15,1.25,0.7709925431421315
1053,1600,273.15,1.5,0.7881679545482976
1054,1600,273.15,1.75,0.8004361055526894
1055,1600,273.15,2.0,0.8096372188059724
1056,1600,278.15,0.25,
1057,1600,278.15,0.5,0.6167594782369379
1058,1600,278.15,0.75,0.7025213226698777
1059,1600,278.15,1.0,0.7454022448863257
1060,1600,278.15,1.25,0.771130798216177
1061,1600,278.15,1.5,0.7882831671027299
1062,1600,278.15,1.75,0.8005348591645409
1063,1600,278.15,2.0,0.8097236282108882
1064,1600,283.15,0.25,
1065,1600,283.15,0.5,0.6171057682481024
1066,1600,283.15,0.75,0.7027521826627756
1067,1600,283.15,1.0,0.7455753898700905
1068,1600,283.15,1.25,0.7712693141944621
1069,1600,283.15,1.5,0.7883985970773618
1070,1600,283.15,1.75,0.8006337991365634
1071,1600,283.15,2.0,0.8098102006809538
1072,1600,288.15,0.25,
1073,1600,288.15,0.5,0.617452731026872
1074,1600,288.15,0.75,0.7029834911674105
1075,1600,288.15,1.0,0.745748871237658
1076,1600,288.15,1.25,0.7714080992797893
1077,1600,288.15,1.5,0.7885142513078621
1078,1600,288.15,1.75,0.8007329313279018
1079,1600,288.15,2.0,0.8098969413429206
1080,1600,293.15,0.25,
1081,1600,293.15,0.5,0.6178003874536344
1082,1600,293.15,0.75,0.7032152621040405
1083,1600,293.15,1.0,0.7459226994292218
1084,1600,293.15,1.25,0.7715471618243134
1085,1600,293.15,1.5,0.78863013675436
1086,1600,293.15,1.75,0.8008322617043808
1087,1600,293.15,2.0,0.8099838554168857
1088,1600,298.15,0.25,
1089,1600,298.15,0.5,0.6181487587821557
1090,1600,298.15,0.75,0.703447509641843
1091,1600,298.15,1.0,0.7460968850716652
1092,1600,298.15,1.25,0.7716865103295412
1093,1600,298.15,1.5,0.788746260501444
1094,1600,298.15,1.75,0.8009317963385053
1095,1600,298.15,2.0,0.8100709482162904
1096,1600,303.15,0.25,
1097,1600,303.15,0.5,0.6184978666395763
1098,1600,303.15,0.75,0.7036802481989117
1099,1600,303.15,1.0,0.7462714389785581
1100,1600,303.15,1.25,0.7718261534463287
1101,1600,303.15,1.5,0.7888626297581613
1102,1600,303.15,1.75,0.8010315414094582
1103,1600,303.15,2.0,0.81015822514792
1104,1600,308.15,0.25,
1105,1600,308.15,0.5,0.6188477330264057
1106,1600,308.15,0.75,0.7039134924422531
1107,1600,308.15,1.0,0.7464463721501553
1108,1600,308.15,1.25,0.7719660999748797
1109,1600,308.15,1.5,0.7889792518580149
1110,1600,308.15,1.75,0.8011315032030992
1111,1600,308.15,2.0,0.8102456917119019
1112,1600,313.15,0.25,
1113,1600,313.15,0.5,0.6191983803165183
1114,1600,313.15,0.75,0.7041472572877833
1115,1600,313.15,1.0,0.7466216957733943
1116,1600,313.15,1.25,0.7721063588647441
1117,1600,313.15,1.5,0.789096134258963
1118,1600,313.15,1.75,0.8012316881119642
1119,1600,313.15,2.0,0.8103333535017044
1120,1600,318.15,0.25,
1121,1600,318.15,0.5,0.6195498312571384
1122,1600,318.15,0.75,0.7043815579003183
1123,1600,318.15,1.0,0.7467974212218871
1124,1600,318.15,1.25,0.7722469392148114
1125,1600,318.15,1.5,0.7892132845434133
1126,1600,318.15,1.75,0.8013321026352597
1127,1600,318.15,2.0,0.8104212162041339
1128,1600,323.15,0.25,
1129,1600,323.15,0.5,0.6199021089688329
1130,1600,323.15,0.75,0.7046164096935698
1131,1600,323.15,1.0,0.746973560055917
1132,1600,323.15,1.25,0.7723878502733085
1133,1600,323.15,1.5,0.7893307104182219
1134,1600,323.15,1.75,0.8014327533788623
1135,1600,323.15,2.0,0.810509285599332
1136,1600,328.15,0.25,
1137,1600,328.15,0.5,0.6202552369454948
1138,1600,328.15,0.75,0.7048518283301326
1139,1600,328.15,1.0,0.7471501240224304
1140,1600,328.15,1.25,0.7725291014377924
1141,1600,328.15,1.5,0.7894484197146862
1142,1600,328.15,1.75,0.8015336470553127
1143,1600,328.15,2.0,0.810597567560772
1144,1700,268.15,0.25,
1145,1700,268.15,0.5,
1146,1700,268.15,0.75,0.6653092015081544
1147,1700,268.15,1.0,0.7174931537210972
1148,1700,268.15,1.25,0.74880352504885
1149,1700,268.15,1.5,0.7696771059340075
1150,1700,268.15,1.75,0.7845868065662536
1151,1700,268.15,2.0,0.79576908204043
1152,1700,273.15,0.25,
1153,1700,273.15,0.5,
1154,1700,273.15,0.75,0.6655411563008248
1155,1700,273.15,1.0,0.7176671198065558
1156,1700,273.15,1.25,0.7489426979099816
1157,1700,273.15,1.5,0.7697930833122544
1158,1700,273.15,1.75,0.78468621574244
1159,1700,273.15,2.0,0.7958560650650712
1160,1700,278.15,0.25,
1161,1700,278.15,0.5,
1162,1700,278.15,0.75,0.6657735567106131
1163,1700,278.15,1.0,0.7178414201048529
1164,1700,278.15,1.25,0.7490821381413839
1165,1700,278.15,1.5,0.7699092834990604
1166,1700,278.15,1.75,0.7847858158973914
1167,1700,278.15,2.0,0.7959432151961316
1168,1700,283.15,0.25,
1169,1700,283.15,0.5,
1170,1700,283.15,0.75,0.6660064161101521
1171,1700,283.15,1.0,0.718016064645463
1172,1700,283.15,1.25,0.7492218537666365
1173,1700,283.15,1.5,0.7700257131807416
1174,1700,283.15,1.75,0.7848856127622359
1175,1700,283.15,2.0,0.7960305374483486
1176,1700,288.15,0.25,
1177,1700,288.15,0.5,
1178,1700,288.15,0.75,0.6662397481222407
1179,1700,288.15,1.0,0.7181910636454852
1180,1700,288.15,1.25,0.7493618529594192
1181,1700,288.15,1.5,0.7701423791686977
1182,1700,288.15,1.75,0.7849856121753159
1183,1700,288.15,2.0,0.7961180369302717
1184,1700,293.15,0.25,
1185,1700,293.15,0.5,
1186,1700,293.15,0.75,0.6664735666198393
1187,1700,293.15,1.0,0.71836642750964
1188,1700,293.15,1.25,0.7495021440435076
1189,1700,293.15,1.5,0.7702592883994087
1190,1700,293.15,1.75,0.785085820082186
1191,1700,293.15,2.0,0.796205718844261
1192,1700,298.15,0.25,
1193,1700,298.15,0.5,
1194,1700,298.15,0.75,0.6667078857260648
1195,1700,298.15,1.0,0.7185421668302648
1196,1700,298.15,1.25,0.7496427354927723
1197,1700,298.15,1.5,0.7703764479344333
1198,1700,298.15,1.75,0.7851862425356103
1199,1700,298.15,2.0,0.7962935884864853
1200,1700,303.15,0.25,
1201,1700,303.15,0.5,
1202,1700,303.15,0.75,0.6669428667441613
1203,1700,303.15,1.0,0.7187184025847931
1204,1700,303.15,1.25,0.7497837240891596
1205,1700,303.15,1.5,0.7704939384253932
1206,1700,303.15,1.75,0.7852869486655509
1207,1700,303.15,2.0,0.7963817063456614
1208,1700,308.15,0.25,
1209,1700,308.15,0.5,
1210,1700,308.15,0.75,0.6671784278629168
1211,1700,308.15,1.0,0.7188950734148156
1212,1700,308.15,1.25,0.7499250607459422
1213,1700,308.15,1.5,0.7706117189666827
1214,1700,308.15,1.75,0.7853879034100597
1215,1700,308.15,2.0,0.7964700417425845
1216,1700,313.15,0.25,
1217,1700,313.15,0.5,
1218,1700,313.15,0.75,0.6674144804610231
1219,1700,313.15,1.0,0.7190721128543511
1220,1700,313.15,1.25,0.7500666922903354
1221,1700,313.15,1.5,0.7707297452476477
1222,1700,313.15,1.75,0.7854890687885759
1223,1700,313.15,2.0,0.7965585614442642
1224,1700,318.15,0.25,
1225,1700,318.15,0.5,
1226,1700,318.15,0.75,0.667651039410844
1227,1700,318.15,1.0,0.7192495320576727
1228,1700,318.15,1.25,0.7502086276457574
1229,1700,318.15,1.5,0.7708480247044698
1230,1700,318.15,1.75,0.7855904511749698
1231,1700,318.15,2.0,0.796647271027837
1232,1700,323.15,0.25,
1233,1700,323.15,0.5,
1234,1700,323.15,0.75,0.6678881198465897
1235,1700,323.15,1.0,0.7194273423754377
1236,1700,323.15,1.25,0.750350875892734
1237,1700,323.15,1.5,0.7709665649042543
1238,1700,323.15,1.75,0.7856920570553314
1239,1700,323.15,2.0,0.7967361761686313
1240,1700,328.15,0.25,
1241,1700,328.15,0.5,
1242,1700,328.15,0.75,0.6681257371643231
1243,1700,328.15,1.0,0.7196055553546936
1244,1700,328.15,1.25,0.7504934462689035
1245,1700,328.15,1.5,0.7710853735450329
1246,1700,328.15,1.75,0.7857938930279735
1247,1700,328.15,2.0,0.7968252826401712
1248,1800,268.15,0.25,
1249,1800,268.15,0.5,
1250,1800,268.15,0.75,0.6223611724843559
1251,1800,268.15,1.0,0.6852821316859985
1252,1800,268.15,1.25,0.7230347072069742
1253,1800,268.15,1.5,0.7482030908876166
1254,1800,268.15,1.75,0.7661805078023541
1255,1800,268.15,2.0,0.7796635704884012
1256,1800,273.15,0.25,
1257,1800,273.15,0.5,
1258,1800,273.15,0.75,0.6225948880599915
1259,1800,273.15,1.0,0.6854574183601438
1260,1800,273.15,1.25,0.7231749365402254
1261,1800,273.15,1.5,0.7483199486602716
1262,1800,273.15,1.75,0.7662806716031547
1263,1800,273.15,2.0,0.779751213810311
1264,1800,278.15,0.25,
1265,1800,278.15,0.5,
1266,1800,278.15,0.75,0.6228290066973577
1267,1800,278.15,1.0,0.6856330073305871
1268,1800,278.15,1.25,0.7233154077105148
1269,1800,278.15,1.5,0.7484370079637919
1270,1800,278.15,1.75,0.7663810081446971
1271,1800,278.15,2.0,0.77983900828037
1272,1800,283.15,0.25,
1273,1800,283.15,0.5,
1274,1800,283.15,0.75,0.6230635414758307
1275,1800,283.15,1.0,0.6858089084068602
1276,1800,283.15,1.25,0.7234561285654681
1277,1800,283.15,1.5,0.7485542753378654
1278,1800,283.15,1.75,0.766481523032428
1279,1800,283.15,2.0,0.7799269588033438
1280,1800,288.15,0.25,
1281,1800,288.15,0.5,
1282,1800,288.15,0.75,0.623298505737705
1283,1800,288.15,1.0,0.6859851315956845
1284,1800,288.15,1.25,0.7235971071104624
1285,1800,288.15,1.5,0.7486717574536398
1286,1800,288.15,1.75,0.7665822219844738
1287,1800,288.15,2.0,0.7800150703825932
1288,1800,293.15,0.25,
1289,1800,293.15,0.5,
1290,1800,293.15,0.75,0.6235339130882074
1291,1800,293.15,1.0,0.6861616871009798
1292,1800,293.15,1.25,0.7237383515086336
1293,1800,293.15,1.5,0.7487894611137282
1294,1800,293.15,1.75,0.7666831108316459
1295,1800,293.15,2.0,0.7801033481200782
1296,1800,298.15,0.25,
1297,1800,298.15,0.5,
1298,1800,298.15,0.75,0.6237697773955045
1299,1800,298.15,1.0,0.6863385853238713
1300,1800,298.15,1.25,0.7238798700808817
1301,1800,298.15,1.5,0.748907393252214
1302,1800,298.15,1.75,0.7667841955174444
1303,1800,298.15,2.0,0.7801917972163612
1304,1800,303.15,0.25,
1305,1800,303.15,0.5,
1306,1800,303.15,0.75,0.6240061127907167
1307,1800,303.15,1.0,0.6865158368626989
1308,1800,303.15,1.25,0.7240216713058786
1309,1800,303.15,1.5,0.7490255609346571
1310,1800,303.15,1.75,0.7668854820980635
1311,1800,303.15,2.0,0.7802804229706123
1312,1800,308.15,0.25,
1313,1800,308.15,0.5,
1314,1800,308.15,0.75,0.6242429336679232
1315,1800,308.15,1.0,0.6866934525130222
1316,1800,308.15,1.25,0.7241637638200721
1317,1800,308.15,1.5,0.7491439713580975
1318,1800,308.15,1.75,0.7669869767423946
1319,1800,308.15,2.0,0.7803692307806113
1320,1800,313.15,0.25,
1321,1800,313.15,0.5,
1322,1800,313.15,0.75,0.6244802546841761
1323,1800,313.15,1.0,0.6868714432676305
1324,1800,313.15,1.25,0.7243061564176937
1325,1800,313.15,1.5,0.7492626318510611
1326,1800,313.15,1.75,0.7670886857320312
1327,1800,313.15,2.0,0.7804582261427527
1328,1800,318.15,0.25,
1329,1800,318.15,0.5,
1330,1800,318.15,0.75,0.6247180907595009
1331,1800,318.15,1.0,0.6870498203165426
1332,1800,318.15,1.25,0.7244488580507582
1333,1800,318.15,1.5,0.7493815498735606
1334,1800,318.15,1.75,0.76719061546127
1335,1800,318.15,2.0,0.780547414652046
1336,1800,323.15,0.25,
1337,1800,323.15,0.5,
1338,1800,323.15,0.75,0.6249564570769083
1339,1800,323.15,1.0,0.6872285950470168
1340,1800,323.15,1.25,0.7245918778290724
1341,1800,323.15,1.5,0.7495007330171016
1342,1800,323.15,1.75,0.7672927724371158
1343,1800,323.15,2.0,0.7806368020021204
1344,1800,328.15,0.25,
1345,1800,328.15,0.5,
1346,1800,328.15,0.75,0.6251953690823958
1347,1800,328.15,1.0,0.6874077790435509
1348,1800,328.15,1.25,0.7247352250202345
1349,1800,328.15,1.5,0.7496201890046825
1350,1800,328.15,1.75,0.7673951632792814
1351,1800,328.15,2.0,0.7807263939852247
1352,1900,268.15,0.25,
1353,1900,268.15,0.5,
1354,1900,268.15,0.75,
1355,1900,268.15,1.0,0.6478584607752877
1356,1900,268.15,1.25,0.693095770295901
1357,1900,268.15,1.5,0.7232539766429704
1358,1900,268.15,1.75,0.7447955526051573
1359,1900,268.15,2.0,0.760951734576793
1360,1900,273.15,0.25,
1361,1900,273.15,0.5,
1362,1900,273.15,0.75,
1363,1900,273.15,1.0,0.6480346295175122
1364,1900,273.15,1.25,0.6932367052845464
1365,1900,273.15,1.5,0.7233714224625629
1366,1900,273.15,1.75,0.7448962204468551
1367,1900,273.15,2.0,0.7610398189350697
1368,1900,278.15,0.25,
1369,1900,278.15,0.5,
1370,1900,278.15,0.75,
1371,1900,278.15,1.0,0.6482111055870239
1372,1900,278.15,1.25,0.6933778861350215
1373,1900,278.15,1.5,0.7234890731670136
1374,1900,278.15,1.75,0.7449970639041457
1375,1900,278.15,2.0,0.7611280569569899
1376,1900,283.15,0.25,
1377,1900,283.15,0.5,
1378,1900,283.15,0.75,
1379,1900,283.15,1.0,0.6483878988216577
1380,1900,283.15,1.25,0.6935193207175941
1381,1900,283.15,1.5,0.7236069353148791
1382,1900,283.15,1.75,0.7450980885986487
1383,1900,283.15,2.0,0.7612164535614713
1384,1900,288.15,0.25,
1385,1900,288.15,0.5,
1386,1900,288.15,0.75,
1387,1900,288.15,1.0,0.6485650192570918
1388,1900,288.15,1.25,0.6936610170608072
1389,1900,288.15,1.5,0.7237250155966113
1390,1900,288.15,1.75,0.7451993002650376
1391,1900,288.15,2.0,0.7613050137663526
1392,1900,293.15,0.25,
1393,1900,293.15,0.5,
1394,1900,293.15,0.75,
1395,1900,293.15,1.0,0.648742477126854
1396,1900,293.15,1.25,0.6938029833514828
1397,1900,293.15,1.5,0.7238433208345624
1398,1900,293.15,1.75,0.7453007047510426
1399,1900,293.15,2.0,0.7613937426883982
1400,1900,298.15,0.25,
1401,1900,298.15,0.5,
1402,1900,298.15,0.75,
1403,1900,298.15,1.0,0.6489202828623256
1404,1900,298.15,1.25,0.6939452279347259
1405,1900,298.15,1.5,0.7239618579829864
1406,1900,298.15,1.75,0.745402308017453
1407,1900,298.15,2.0,0.7614826455432985
1408,1900,303.15,0.25,
1409,1900,303.15,0.5,
1410,1900,303.15,0.75,
1411,1900,303.15,1.0,0.6490984470927472
1412,1900,303.15,1.25,0.6940877593139287
1413,1900,303.15,1.5,0.7240806341280437
1414,1900,303.15,1.75,0.7455041161381206
1415,1900,303.15,2.0,0.7615717276456737
1416,1900,308.15,0.25,
1417,1900,308.15,0.5,
1418,1900,308.15,0.75,
1419,1900,308.15,1.0,0.64927698064522
1420,1900,308.15,1.25,0.6942305861507727
1421,1900,308.15,1.5,0.7241996564878018
1422,1900,308.15,1.75,0.7456061352999601
1423,1900,308.15,2.0,0.7616609944090744
1424,1900,313.15,0.25,
1425,1900,313.15,0.5,
1426,1900,313.15,0.75,
1427,1900,313.15,1.0,0.6494558945447103
1428,1900,313.15,1.25,0.6943737172652308
1429,1900,313.15,1.5,0.7243189324122383
1430,1900,313.15,1.75,0.7457083718029527
1431,1900,313.15,2.0,0.761750451345984
1432,1900,318.15,0.25,
1433,1900,318.15,0.5,
1434,1900,318.15,0.75,
1435,1900,318.15,1.0,0.649635200014053
1436,1900,318.15,1.25,0.6945171616355704
1437,1900,318.15,1.5,0.7244384693832429
1438,1900,318.15,1.75,0.7458108320601464
1439,1900,318.15,2.0,0.7618401040678198
1440,1900,323.15,0.25,
1441,1900,323.15,0.5,
1442,1900,323.15,0.75,
1443,1900,323.15,1.0,0.6498149084739508
1444,1900,323.15,1.25,0.6946609283983547
1445,1900,323.15,1.5,0.7245582750146178
1446,1900,323.15,1.75,0.7459135225976578
1447,1900,323.15,2.0,0.7619299582849332
1448,1900,328.15,0.25,
1449,1900,328.15,0.5,
1450,1900,328.15,0.75,
1451,1900,328.15,1.0,0.6499950315429798
1452,1900,328.15,1.25,0.6948050268484435
1453,1900,328.15,1.5,0.72467835705208
1454,1900,328.15,1.75,0.7460164500546722
1455,1900,328.15,2.0,0.762020019806612
1456,2000,268.15,0.25,
1457,2000,268.15,0.5,
1458,2000,268.15,0.75,
1459,2000,268.15,1.0,0.6046319242129105
1460,2000,268.15,1.25,0.6585145408889979
1461,2000,268.15,1.5,0.694436285339718
1462,2000,268.15,1.75,0.7200946742330854
1463,2000,268.15,2.0,0.7393384659031073
1464,2000,273.15,0.25,
1465,2000,273.15,0.5,
1466,2000,273.15,0.75,
1467,2000,273.15,1.0,0.6048089583587608
1468,2000,273.15,1.25,0.6586561682012937
1469,2000,273.15,1.5,0.6945543080963107
1470,2000,273.15,1.75,0.7201958365927472
1471,2000,273.15,2.0,0.7394269829650711
1472,2000,278.15,0.25,
1473,2000,278.15,0.5,
1474,2000,278.15,0.75,
1475,2000,278.15,1.0,0.6049863038676438
1476,2000,278.15,1.25,0.6587980446040155
1477,2000,278.15,1.5,0.6946725384282585
1478,2000,278.15,1.75,0.7202971768741423
1479,2000,278.15,2.0,0.7395156557085515
1480,2000,283.15,0.25,
1481,2000,283.15,0.5,
1482,2000,283.15,0.75,
1483,2000,283.15,1.0,0.6051639706043229
1484,2000,283.15,1.25,0.6589401779889743
1485,2000,283.15,1.5,0.6947909829120704
1486,2000,283.15,1.75,0.7203987007142778
1487,2000,283.15,2.0,0.7396044890659297
1488,2000,288.15,0.25,
1489,2000,288.15,0.5,
1490,2000,288.15,0.75,
1491,2000,288.15,1.0,0.6053419686318937
1492,2000,288.15,1.25,0.6590825764066464
1493,2000,288.15,1.5,0.6949096482564767
1494,2000,288.15,1.75,0.7205004138634942
1495,2000,288.15,2.0,0.7396934880687538
1496,2000,293.15,0.25,
1497,2000,293.15,0.5,
1498,2000,293.15,0.75,
1499,2000,293.15,1.0,0.6055203082117866
1500,2000,293.15,1.25,0.6592252480661761
1501,2000,293.15,1.5,0.6950285413024311
1502,2000,293.15,1.75,0.7206023221854662
1503,2000,293.15,2.0,0.739782657847739
1504,2000,298.15,0.25,
1505,2000,298.15,0.5,
1506,2000,298.15,0.75,
1507,2000,298.15,1.0,0.6056989998037697
1508,2000,298.15,1.25,0.6593682013353781
1509,2000,298.15,1.5,0.6951476690231123
1510,2000,298.15,1.75,0.720704431657204
1511,2000,298.15,2.0,0.7398720036327693
1512,2000,303.15,0.25,
1513,2000,303.15,0.5,
1514,2000,303.15,0.75,
1515,2000,303.15,1.0,0.6058780540659497
1516,2000,303.15,1.25,0.6595114447407375
1517,2000,303.15,1.5,0.6952670385239247
1518,2000,303.15,1.75,0.7208067483690543
1519,2000,303.15,2.0,0.7399615307528981
1520,2000,308.15,0.25,
1521,2000,308.15,0.5,
1522,2000,308.15,0.75,
1523,2000,308.15,1.0,0.6060574818547724
1524,2000,308.15,1.25,0.6596549869674111
1525,2000,308.15,1.5,0.6953866570424989
1526,2000,308.15,1.75,0.7209092785247004
1527,2000,308.15,2.0,0.7400512446363482
1528,2000,313.15,0.25,
1529,2000,313.15,0.5,
1530,2000,313.15,0.75,
1531,2000,313.15,1.0,0.6062372942250258
1532,2000,313.15,1.25,0.6597988368592294
1533,2000,313.15,1.5,0.6955065319486937
1534,2000,313.15,1.75,0.7210120284411642
1535,2000,313.15,2.0,0.7401411508105136
1536,2000,318.15,0.25,
1537,2000,318.15,0.5,
1538,2000,318.15,0.75,
1539,2000,318.15,1.0,0.6064175024298403
1540,2000,318.15,1.25,0.6599430034186965
1541,2000,318.15,1.5,0.6956266707445958
1542,2000,318.15,1.75,0.7211150045488057
1543,2000,318.15,2.0,0.7402312549019595
1544,2000,323.15,0.25,
1545,2000,323.15,0.5,
1546,2000,323.15,0.75,
1547,2000,323.15,1.0,0.606598117920688
1548,2000,323.15,1.25,0.66008749580699
1549,2000,323.15,1.5,0.6957470810645201
1550,2000,323.15,1.75,0.7212182133913233
1551,2000,323.15,2.0,0.7403215626364221
1552,2000,328.15,0.25,
1553,2000,328.15,0.5,
1554,2000,328.15,0.75,
1555,2000,328.15,1.0,0.6067791523473823
1556,2000,328.15,1.25,0.660232323343961
1557,2000,328.15,1.5,0.6958677706750087
1558,2000,328.15,1.75,0.7213216616257532
1559,2000,328.15,2.0,0.740412079838808
